Course_Name,School_Level,Course_Level,Modality,Instructor,Time,RecordedDate,Q13_1,Q13_2,Q13_3,Q13_4,Q13_5,Q13_6,Q13_7,Q5_1,Q5_2,Q5_3,Q5_4,Q5_5,Q5_6,Q5_7,Q5_8,Q5_9,Q4_1,Q4_2,Q4_3,Q4_4,Q4_5,Q4_6,Q6_1,Q6_2,Q6_3,Q6_4,Q6_5,Q6_6,Q9_1,Q9_2,Q9_3,Q9_4,Q9_5,Q9_6,Q21_1,Q21_2,Q21_3,Q21_4,Q21_5,Q21_6,Q21_7,Q21_8,Q7_1,Q7_2,Q7_3,Q7_4,Q7_5,Q7_6,Q7_7,Q23_1,Q23_2,Q23_3,Q17_Gender,Q18_Politics,Q19_PatronSBUX,Q20_PatronCompetition
ACCT 7109_F18,G,Advanced,H,JF,217,12/2/2018 13:28,3,5,3,4,5,5,1,3,3,5,5,4,3,1,1,3,3,3,3,3,3,2,2,3,3,3,3,3,2,2,4,3,3,2,3,3,3,3,3,3,3,3,2,2,1,5,3,2,3,2,2,3,,,,
ACCT 7109_F18,G,Advanced,H,JF,458,12/2/2018 13:33,2,2,1,2,2,1,2,2,2,2,2,2,2,3,2,2,2,2,2,1,1,1,1,2,2,1,1,2,2,2,2,2,2,1,2,2,2,2,2,2,2,2,2,4,2,3,2,2,2,2,2,2,,,,
ACCT 7109_F18,G,Advanced,H,JF,167,12/2/2018 14:00,2,3,2,2,2,1,2,2,1,1,2,1,2,1,1,2,2,3,2,2,2,2,1,4,1,2,1,4,4,4,4,6,7,4,1,2,2,2,2,2,2,1,2,3,1,1,2,2,2,2,1,2,,,,
ACCT 7109_F18,G,Advanced,H,JF,553,12/2/2018 14:01,1,1,1,1,1,1,1,1,1,2,2,1,1,1,1,1,1,1,1,1,1,1,1,1,1,1,1,1,1,1,1,2,3,2,1,1,1,1,1,1,1,1,1,1,1,1,1,1,1,1,1,1,,,,
ACCT 7109_F18,G,Advanced,H,JF,340,12/2/2018 14:01,1,1,2,2,2,1,2,1,1,1,1,1,1,2,2,1,2,2,2,2,2,2,1,1,2,1,1,1,2,3,3,2,2,2,1,2,2,2,2,2,2,2,6,4,3,3,2,2,2,1,1,1,,,,
ACCT 7109_F18,G,Advanced,H,JF,316,12/2/2018 14:02,2,1,2,1,3,1,2,1,1,2,2,2,2,2,2,2,1,3,1,2,2,2,1,1,2,1,3,1,3,4,4,4,7,6,2,2,1,2,1,1,1,1,1,3,2,2,2,1,2,1,2,1,,,,
ACCT 7109_F18,G,Advanced,H,JF,560,12/2/2018 14:06,2,1,1,1,5,5,5,2,2,5,5,5,2,2,5,4,2,2,2,3,3,3,2,3,3,2,3,2,2,2,2,3,4,3,3,2,2,2,2,2,3,4,5,5,5,4,2,4,4,2,2,2,,,,
ACCT 7109_F18,G,Advanced,H,JF,183,12/2/2018 14:21,3,3,3,3,3,3,3,3,3,5,4,6,3,4,4,3,2,4,4,2,2,3,3,2,2,3,3,3,2,2,2,3,3,3,2,2,2,3,3,3,2,3,3,3,3,3,2,3,2,3,4,3,,,,
ACCT 7109_F18,G,Advanced,H,JF,309,12/2/2018 14:21,1,1,1,1,1,1,1,2,1,1,1,2,1,3,3,2,3,2,2,2,2,3,2,1,2,2,2,2,2,2,3,2,1,1,1,1,1,1,1,1,1,1,2,2,2,2,2,2,2,2,1,1,,,,
ACCT 7109_F18,G,Advanced,H,JF,239,12/2/2018 14:22,2,2,2,2,2,2,2,2,2,2,2,2,2,2,2,2,2,2,2,2,2,2,2,2,2,2,2,2,1,2,2,2,1,1,1,1,1,1,1,1,1,1,1,1,1,1,1,1,1,1,1,1,,,,
ACCT 7109_F18,G,Advanced,H,JF,533,12/2/2018 14:25,2,1,1,1,1,5,1,1,1,1,3,1,1,1,1,1,1,3,1,4,4,2,1,2,1,1,1,1,1,4,4,4,4,4,1,1,1,1,3,1,3,1,5,1,1,2,1,1,7,1,1,1,,,,
ACCT 7109_F18,G,Advanced,H,JF,458,12/2/2018 14:27,1,1,1,1,1,4,1,1,1,1,1,1,1,1,1,1,4,1,1,3,1,1,1,1,1,1,1,1,3,5,4,4,4,2,1,1,1,1,1,1,1,1,2,2,5,4,1,1,1,1,1,1,,,,
ACCT 7109_F18,G,Advanced,H,JF,399,12/2/2018 14:29,1,1,1,2,1,2,1,1,1,2,1,1,1,1,1,1,1,2,1,2,2,1,1,1,2,1,1,1,1,2,1,2,1,1,1,1,2,1,1,1,1,1,5,6,2,3,1,1,1,1,1,1,,,,
ACCT 7109_F18,G,Advanced,H,JF,750,12/2/2018 14:30,1,1,2,1,2,1,2,1,1,3,3,3,1,2,2,2,2,2,2,2,2,2,1,1,1,1,1,1,2,2,2,2,2,2,1,1,1,1,1,1,1,1,3,2,2,3,2,2,2,1,1,1,,,,
ACCT 7109_F18,G,Advanced,H,JF,751,12/2/2018 14:30,1,1,1,1,1,2,2,1,1,2,2,2,1,2,2,2,2,2,2,2,2,2,2,2,1,1,1,1,1,1,1,1,1,1,1,1,1,1,1,1,1,1,2,2,1,2,1,1,1,1,1,1,,,,
ACCT 7109_F18,G,Advanced,H,JF,368,12/2/2018 14:32,7,7,7,7,7,7,7,1,1,1,1,1,1,1,1,1,1,1,1,1,1,1,1,1,1,1,1,1,7,7,7,7,7,7,1,1,1,1,1,1,1,1,1,1,1,1,1,1,1,1,1,1,,,,
ACCT 7109_F18,G,Advanced,H,JF,462,12/2/2018 14:34,1,1,1,1,1,1,1,1,2,3,2,2,2,2,2,2,2,1,1,1,1,1,2,1,2,2,1,2,1,1,1,2,3,2,1,1,1,1,2,1,1,1,5,3,2,4,1,1,1,1,1,1,,,,
ACCT 7109_F18,G,Advanced,H,JF,740,12/2/2018 14:35,1,1,1,1,1,1,1,1,1,1,1,1,1,1,1,1,1,1,1,1,1,1,1,1,1,1,1,1,1,1,2,1,2,2,1,1,1,1,1,1,1,1,1,1,4,5,1,1,1,1,1,1,,,,
ACCT 7109_F18,G,Advanced,H,JF,600,12/2/2018 14:37,2,2,2,1,2,4,1,2,2,3,3,2,1,2,2,2,2,2,1,2,2,2,2,2,3,2,2,2,2,2,2,1,2,2,2,2,3,1,2,2,3,4,2,2,2,3,3,2,2,2,2,2,,,,
ACCT 7109_F18,G,Advanced,H,JF,379,12/2/2018 16:18,4,4,6,6,6,6,6,6,4,6,6,6,5,6,6,6,6,7,6,6,7,7,4,4,6,6,6,7,3,3,3,3,3,3,2,3,3,3,3,3,3,3,3,3,3,3,3,3,3,6,6,4,,,,
ACCT 7109_F18,G,Advanced,H,JF,702,12/2/2018 18:20,2,2,1,3,3,2,2,2,2,3,3,3,2,1,1,1,2,2,3,1,2,2,2,3,1,2,2,2,1,2,1,2,3,2,1,1,2,2,2,1,2,1,2,4,4,3,1,1,1,2,2,1,,,,
ACCT 7109_F18,G,Advanced,H,JF,1276,12/2/2018 18:50,1,2,2,4,4,3,2,3,2,2,3,3,2,3,3,3,2,2,3,2,3,2,3,2,2,1,2,3,2,2,3,3,6,3,2,2,2,2,2,2,2,1,2,6,3,2,6,3,1,2,2,2,,,,
ACCT 7109_F18,G,Advanced,H,JF,217,12/2/2018 20:10,1,1,1,1,1,1,1,1,1,2,1,2,2,1,2,1,2,2,1,1,1,2,2,2,1,1,2,2,6,7,7,7,7,6,2,2,1,2,1,1,2,1,2,2,1,3,1,1,1,1,1,1,,,,
ACCT 7109_F18,G,Advanced,H,JF,356,12/3/2018 7:45,2,2,1,1,1,2,1,1,1,1,2,1,1,1,1,2,2,2,1,2,2,1,1,2,1,1,1,1,3,3,3,2,2,1,2,1,1,1,2,2,1,1,2,2,2,2,2,1,1,1,1,1,,,,
ACCT 7109_F18,G,Advanced,H,JF,474,12/3/2018 9:34,4,4,5,4,4,5,5,4,5,5,5,4,4,4,5,5,4,3,5,5,5,5,3,5,4,4,3,5,3,5,5,5,5,5,2,2,5,5,3,3,4,3,3,2,2,2,4,4,4,4,5,3,,,,
ACCT 7109_F18,G,Advanced,H,JF,292,12/3/2018 9:58,2,2,2,1,2,2,2,2,2,2,2,2,2,2,2,2,2,2,2,2,2,2,2,2,2,2,2,2,2,2,2,2,2,2,2,2,2,2,2,2,2,2,2,2,2,2,2,2,2,2,2,2,,,,
ACCT 7109_F18,G,Advanced,H,JF,179,12/3/2018 11:23,2,2,2,2,2,2,2,2,2,2,2,2,2,2,2,2,1,2,2,2,2,2,2,2,2,2,2,2,2,2,2,2,2,2,2,2,2,2,2,2,2,2,2,2,2,2,2,2,2,2,2,2,,,,
ACCT 7109_F18,G,Advanced,H,JF,185,12/4/2018 14:06,2,2,2,2,2,2,2,2,2,2,2,2,2,2,2,2,2,2,2,2,2,2,2,2,2,2,2,2,3,3,3,3,3,3,2,2,2,2,2,2,2,2,3,3,3,3,2,2,2,2,2,2,,,,
ACCT 7109_F18,G,Advanced,H,JF,193,12/6/2018 20:36,2,2,2,2,2,2,2,2,2,2,2,2,2,2,2,2,2,2,2,2,2,2,2,2,2,2,2,2,2,2,2,2,2,2,2,2,2,2,2,2,2,2,2,2,2,2,2,2,2,2,2,2,,,,
ACCT 7109_F18,G,Advanced,H,JF,40716,12/6/2018 21:02,2,2,2,2,2,2,2,2,2,2,2,2,2,2,2,2,2,2,2,2,2,2,2,2,2,2,2,2,2,2,2,2,2,2,2,2,2,2,2,2,2,2,2,2,2,2,2,2,2,2,2,2,,,,
ACCT 7109_F18,G,Advanced,H,JF,2416,12/7/2018 8:52,2,2,2,2,2,2,2,2,2,2,2,2,2,2,2,2,2,2,2,2,2,2,2,2,2,2,2,2,2,2,2,2,2,2,1,1,1,1,1,1,1,1,4,4,2,3,2,2,1,2,2,1,,,,
ACCT 7109_F18,G,Advanced,H,JF,106,12/7/2018 13:15,4,5,5,5,5,5,5,5,5,4,5,4,5,4,5,5,5,5,5,5,4,5,4,4,5,5,5,4,3,3,4,3,4,3,3,4,4,5,5,4,3,4,4,4,4,4,4,4,4,4,4,4,,,,
ACCT 3021 TR2_Sp19,UG,Intermediate,C,FK,320,5/9/2019 7:46,2,2,2,2,2,2,2,2,2,3,3,3,3,3,3,3,2,2,2,2,2,2,2,2,2,2,2,2,2,2,2,2,2,2,2,2,2,2,2,2,2,2,3,3,3,3,2,2,2,2,2,1,,,,
ACCT 3021 TR2_Sp19,UG,Intermediate,C,FK,302,5/9/2019 9:31,5,5,1,5,6,1,1,1,1,1,1,1,1,1,1,1,2,5,6,6,6,6,2,6,1,1,1,1,2,2,2,2,2,2,2,2,2,2,2,2,2,2,5,5,2,1,5,1,3,2,2,2,,,,
ACCT 3021 TR2_Sp19,UG,Intermediate,C,FK,204,5/9/2019 10:39,2,3,3,2,2,3,3,4,4,5,5,5,4,5,5,5,2,3,4,4,3,3,3,4,2,3,3,4,3,4,3,3,4,3,4,4,5,4,3,4,3,3,3,3,3,3,3,3,3,3,3,3,,,,
ACCT 3021 TR2_Sp19,UG,Intermediate,C,FK,152,5/9/2019 12:25,7,7,7,7,7,7,7,7,7,7,7,7,7,7,7,7,2,2,2,2,2,1,7,7,5,6,4,6,5,5,3,6,7,7,7,7,6,6,7,5,4,7,7,7,7,7,7,7,5,5,6,5,,,,
ACCT 3021 TR2_Sp19,UG,Intermediate,C,FK,215,5/9/2019 12:27,2,2,2,2,2,2,2,2,2,2,1,1,1,1,1,1,1,1,1,1,1,1,1,2,1,1,1,1,3,3,3,3,2,2,1,1,1,1,1,1,1,1,1,1,1,1,1,1,1,1,1,1,,,,
ACCT 3021 TR2_Sp19,UG,Intermediate,C,FK,288,5/9/2019 12:28,2,2,3,1,2,4,2,3,2,2,2,2,2,1,4,3,3,4,2,2,3,2,3,3,2,2,2,2,3,3,3,3,3,3,2,2,2,2,2,3,3,3,3,3,3,2,3,2,3,3,2,3,,,,
ACCT 3021 TR2_Sp19,UG,Intermediate,C,FK,274,5/9/2019 12:29,2,2,2,2,2,2,2,2,2,3,3,3,2,3,3,3,2,3,2,2,3,3,2,3,3,2,3,3,4,4,3,4,4,4,4,4,4,3,3,3,3,3,3,3,3,3,3,3,3,3,3,3,,,,
ACCT 3021 TR2_Sp19,UG,Intermediate,C,FK,358,5/9/2019 12:29,2,2,2,4,2,4,2,2,1,2,2,1,1,2,2,2,2,3,1,2,2,2,3,2,4,2,1,2,2,2,4,4,4,4,2,2,1,2,2,1,2,2,2,2,1,3,2,2,4,2,2,3,,,,
ACCT 3021 TR2_Sp19,UG,Intermediate,C,FK,320,5/9/2019 12:30,4,3,4,3,4,3,2,3,3,3,3,3,3,3,3,3,3,3,3,3,3,3,3,3,3,2,3,3,3,3,3,3,3,3,3,3,3,3,3,3,3,1,3,3,3,3,3,3,2,2,2,2,,,,
ACCT 3021 TR2_Sp19,UG,Intermediate,C,FK,340,5/9/2019 12:30,2,1,1,1,2,3,2,1,1,1,1,1,1,1,1,1,1,1,1,1,1,1,1,1,2,1,1,1,4,5,4,3,2,6,2,1,2,3,2,2,2,1,1,1,2,3,1,1,1,2,2,1,,,,
ACCT 3021 TR2_Sp19,UG,Intermediate,C,FK,362,5/9/2019 12:31,6,4,3,6,5,3,3,5,3,2,2,2,4,5,3,2,7,6,3,1,1,3,3,3,3,2,2,2,2,2,2,2,2,2,2,2,3,3,3,3,6,7,5,3,5,4,5,4,3,3,4,3,,,,
ACCT 3021 TR2_Sp19,UG,Intermediate,C,FK,409,5/9/2019 12:31,2,1,1,2,1,1,1,2,1,2,1,2,1,1,1,1,1,1,1,1,1,1,1,1,1,1,1,1,1,4,5,4,4,4,1,1,1,1,1,1,1,1,1,1,1,1,1,1,1,1,1,1,,,,
ACCT 3021 TR2_Sp19,UG,Intermediate,C,FK,431,5/9/2019 12:32,1,1,1,1,1,1,1,2,2,2,2,2,3,2,2,2,3,3,3,5,2,2,3,2,2,2,3,2,2,1,1,1,2,2,2,2,2,3,3,3,2,2,2,1,2,3,2,1,3,3,2,1,,,,
ACCT 3021 TR2_Sp19,UG,Intermediate,C,FK,476,5/9/2019 12:32,4,3,2,3,3,4,3,3,4,5,3,5,4,6,4,5,4,4,3,2,3,4,3,2,4,3,3,3,2,2,2,2,3,3,2,2,3,2,2,2,2,2,6,3,3,6,2,2,2,2,2,2,,,,
ACCT 3021 TR2_Sp19,UG,Intermediate,C,FK,474,5/9/2019 12:32,3,3,1,3,4,2,2,1,1,2,2,1,1,2,3,3,3,3,1,2,2,2,3,3,4,1,4,3,4,4,4,4,4,1,2,2,5,3,5,4,4,4,3,4,4,6,2,3,3,2,2,2,,,,
ACCT 3021 TR2_Sp19,UG,Intermediate,C,FK,337,5/9/2019 12:33,4,3,2,4,3,5,5,2,2,6,6,5,2,5,2,2,1,4,1,1,1,1,3,3,3,3,3,3,1,1,2,1,2,2,2,1,1,1,1,1,1,2,1,6,1,7,1,1,3,3,3,3,,,,
ACCT 3021 TR2_Sp19,UG,Intermediate,C,FK,571,5/9/2019 12:33,1,2,2,1,2,2,2,3,2,1,2,2,2,1,1,2,1,3,1,2,2,1,1,1,1,2,2,2,1,1,2,1,2,1,1,2,1,2,3,1,1,2,1,2,2,2,2,1,1,1,1,1,,,,
ACCT 3021 TR2_Sp19,UG,Intermediate,C,FK,330,5/9/2019 12:33,2,2,2,1,3,1,2,1,1,1,1,1,1,1,1,1,2,2,2,2,2,2,1,1,1,1,1,1,3,3,2,3,2,3,1,1,1,1,2,1,2,2,1,1,1,4,1,1,1,1,1,1,,,,
ACCT 3021 TR2_Sp19,UG,Intermediate,C,FK,84,5/9/2019 12:34,1,1,1,1,1,1,1,1,2,1,1,2,1,1,2,1,1,2,1,1,2,1,1,1,3,2,2,1,1,1,2,1,2,1,1,1,1,1,1,1,1,1,1,1,1,1,2,1,1,1,1,1,,,,
ACCT 3021 TR2_Sp19,UG,Intermediate,C,FK,626,5/9/2019 12:35,3,2,2,1,2,4,1,2,1,2,2,1,2,1,2,2,2,1,4,3,2,2,2,2,1,3,2,3,3,3,4,3,2,4,1,1,2,2,2,2,2,2,3,2,2,3,2,2,3,2,1,2,,,,
ACCT 3021 TR2_Sp19,UG,Intermediate,C,FK,404,5/9/2019 12:35,3,4,2,3,4,4,4,4,4,4,4,4,3,4,5,4,3,4,4,4,4,4,4,4,4,4,4,4,4,4,4,4,4,4,4,4,3,4,4,4,4,4,3,4,3,4,4,4,4,3,4,3,,,,
ACCT 3021 TR2_Sp19,UG,Intermediate,C,FK,712,5/9/2019 12:35,2,3,2,1,2,1,2,1,1,5,5,3,1,3,2,3,1,4,2,2,2,2,1,1,2,1,2,1,2,4,4,6,6,6,2,2,2,1,1,1,2,2,6,5,2,2,2,1,1,2,1,1,,,,
ACCT 3021 TR2_Sp19,UG,Intermediate,C,FK,392,5/9/2019 12:35,4,2,3,2,1,2,2,1,2,3,3,2,2,2,2,2,1,1,2,3,3,3,2,2,2,2,1,2,1,2,3,2,2,4,1,1,3,2,2,2,1,2,5,5,4,3,5,2,2,1,2,2,,,,
ACCT 3021 TR2_Sp19,UG,Intermediate,C,FK,833,5/9/2019 12:39,2,2,3,4,3,2,2,4,3,4,4,4,3,3,4,4,3,4,2,2,2,3,3,3,1,3,2,2,4,4,4,4,4,4,4,4,4,4,4,4,4,4,3,3,3,3,3,3,3,2,2,2,,,,
ACCT 3021 TR2_Sp19,UG,Intermediate,C,FK,1438,5/9/2019 12:49,2,2,2,2,2,3,2,2,2,4,4,6,2,4,4,4,2,2,2,2,2,2,2,3,3,2,2,2,3,3,3,3,3,3,2,2,3,2,1,2,2,2,6,2,5,6,3,2,4,2,2,2,,,,
ACCT 3021 TR2_Sp19,UG,Intermediate,C,FK,1086,5/9/2019 12:57,1,1,1,2,1,1,1,1,1,2,2,2,1,2,1,2,1,1,1,1,1,2,1,1,1,1,1,1,3,2,2,3,2,3,1,1,1,1,1,1,2,2,2,4,3,3,2,3,2,1,2,2,,,,
ACCT 3021 TR2_Sp19,UG,Intermediate,C,FK,216,5/12/2019 21:45,2,1,1,2,2,4,1,1,1,1,1,1,1,1,1,1,1,1,1,1,1,1,1,1,1,1,1,1,2,2,2,2,2,2,1,1,1,1,1,1,1,1,3,3,2,3,3,2,2,1,1,1,,,,
ACCT 3021_TR11_Sp19,UG,Intermediate,C,FK,1661,5/9/2019 8:50,2,2,2,2,2,2,2,2,2,2,2,2,3,2,1,2,1,2,2,1,1,2,2,2,1,2,2,1,2,2,1,2,2,2,2,2,2,2,3,3,2,2,3,2,3,2,2,3,3,2,1,2,,,,
ACCT 3021_TR11_Sp19,UG,Intermediate,C,FK,463,5/9/2019 9:19,1,2,2,1,1,2,1,2,1,3,2,3,1,2,2,2,2,2,2,1,1,2,2,2,2,1,2,2,1,2,2,2,2,2,2,2,2,2,1,2,1,3,3,3,1,6,2,2,1,2,1,1,,,,
ACCT 3021_TR11_Sp19,UG,Intermediate,C,FK,628,5/9/2019 9:20,3,3,2,3,2,4,3,2,2,3,2,2,2,3,3,2,3,4,3,3,3,3,3,3,2,2,3,2,2,4,4,3,3,3,2,2,3,3,3,3,3,2,3,5,2,2,3,3,3,2,3,2,,,,
ACCT 3021_TR11_Sp19,UG,Intermediate,C,FK,390,5/9/2019 9:20,1,1,1,1,1,1,1,1,1,1,1,1,1,1,1,1,1,1,1,1,1,1,1,1,3,1,1,1,2,6,6,6,6,6,1,1,1,1,1,1,1,1,4,4,3,5,1,1,1,1,1,1,,,,
ACCT 3021_TR11_Sp19,UG,Intermediate,C,FK,459,5/9/2019 9:21,2,2,2,1,1,1,2,2,2,6,5,3,2,3,2,3,2,2,1,1,1,1,2,2,2,2,1,2,1,3,3,2,4,2,1,3,2,2,2,2,2,1,5,2,2,6,2,2,2,2,2,2,,,,
ACCT 3021_TR11_Sp19,UG,Intermediate,C,FK,531,5/9/2019 9:21,3,3,3,3,3,3,3,2,2,4,4,4,2,3,3,4,3,4,3,4,4,3,3,3,2,3,2,2,4,4,4,4,4,4,3,3,3,3,3,3,3,3,4,4,4,5,4,4,4,4,4,3,,,,
ACCT 3021_TR11_Sp19,UG,Intermediate,C,FK,609,5/9/2019 9:22,3,3,4,5,3,6,2,5,4,6,5,3,3,6,3,5,6,6,3,3,4,3,3,3,2,3,1,2,5,5,5,3,4,4,1,2,2,2,2,2,2,2,2,3,2,2,3,5,3,5,3,3,,,,
ACCT 3021_TR11_Sp19,UG,Intermediate,C,FK,553,5/9/2019 9:22,3,4,2,2,4,2,5,3,2,4,3,3,3,1,1,3,1,1,1,1,1,1,2,2,4,2,2,2,1,1,1,1,1,1,1,1,1,1,1,1,1,1,7,1,3,7,2,2,2,2,2,2,,,,
ACCT 3021_TR11_Sp19,UG,Intermediate,C,FK,630,5/9/2019 9:22,2,1,1,1,1,1,2,1,1,2,1,1,1,2,2,1,2,2,1,1,1,1,2,1,2,1,2,1,2,2,1,1,1,1,1,1,3,1,1,1,1,1,3,2,2,3,1,1,1,1,1,1,,,,
ACCT 3021_TR11_Sp19,UG,Intermediate,C,FK,644,5/9/2019 9:23,2,2,2,1,2,2,1,2,1,1,2,1,2,1,1,3,2,1,1,1,2,1,2,2,3,2,1,1,2,3,3,4,4,4,1,1,2,1,1,2,2,1,4,3,1,3,2,1,1,1,1,1,,,,
ACCT 3021_TR11_Sp19,UG,Intermediate,C,FK,578,5/9/2019 9:24,3,3,3,3,3,3,3,2,2,4,4,3,2,2,3,3,3,3,2,3,2,3,3,3,3,3,3,3,3,4,4,3,3,3,3,3,3,2,2,2,2,2,3,3,3,2,2,3,4,3,2,3,,,,
ACCT 3021_TR11_Sp19,UG,Intermediate,C,FK,474,5/9/2019 9:24,3,4,3,4,3,4,2,2,2,5,5,5,2,4,3,4,3,3,2,2,2,2,2,2,2,1,1,1,3,5,6,7,7,6,2,2,4,1,1,1,1,1,3,4,2,3,2,2,1,2,2,2,,,,
ACCT 3021_TR11_Sp19,UG,Intermediate,C,FK,765,5/9/2019 9:25,2,1,2,2,1,1,2,1,1,4,3,3,1,2,2,3,2,3,1,1,2,1,2,2,1,2,2,3,2,4,3,4,4,3,2,1,3,2,2,2,3,2,4,4,3,2,2,2,1,1,2,2,,,,
ACCT 3021_TR11_Sp19,UG,Intermediate,C,FK,740,5/9/2019 9:25,3,2,3,1,2,1,1,1,2,4,4,3,1,2,2,4,2,3,1,2,1,1,2,2,2,2,5,1,4,4,4,2,4,4,1,2,4,2,2,4,3,2,4,4,3,6,4,2,2,2,2,2,,,,
ACCT 3021_TR11_Sp19,UG,Intermediate,C,FK,471,5/9/2019 9:29,1,1,2,3,1,4,1,2,2,7,7,4,1,2,2,3,3,4,1,1,1,1,4,1,7,1,5,1,1,1,2,2,2,2,2,2,2,2,2,2,2,1,5,2,2,6,2,3,6,2,2,2,,,,
ACCT 3021_TR11_Sp19,UG,Intermediate,C,FK,826,5/9/2019 9:29,1,1,1,2,3,2,2,1,2,3,3,3,2,2,2,2,2,2,1,2,2,2,2,2,2,2,2,2,2,2,2,2,2,2,2,2,2,2,2,2,2,2,2,2,2,2,2,2,2,2,2,2,,,,
ACCT 3021_TR11_Sp19,UG,Intermediate,C,FK,1131,5/9/2019 9:30,5,5,3,7,5,7,2,3,3,2,2,2,3,7,7,3,7,6,6,6,6,6,7,7,1,3,3,1,2,3,3,3,4,4,1,2,7,2,3,6,3,1,1,2,3,7,3,4,3,3,3,6,,,,
ACCT 3021_TR11_Sp19,UG,Intermediate,C,FK,364,5/9/2019 9:33,6,6,1,5,4,7,1,4,4,3,3,3,3,2,2,3,4,4,3,4,4,4,4,4,6,3,4,1,4,4,4,4,4,4,2,2,6,2,2,2,2,3,2,5,3,3,3,6,6,6,3,3,,,,
ACCT 3021_TR11_Sp19,UG,Intermediate,C,FK,299,5/9/2019 9:40,3,2,4,3,4,3,4,3,4,5,5,6,4,6,6,6,4,4,3,3,3,3,4,4,5,5,5,5,3,3,3,3,3,3,4,3,3,3,4,4,3,4,4,4,3,5,3,4,4,4,3,4,,,,
ACCT 3021_TR11_Sp19,UG,Intermediate,C,FK,1098,5/9/2019 9:45,2,3,1,4,3,3,4,2,6,5,6,5,3,4,4,3,4,5,2,3,4,4,3,3,3,2,1,2,3,4,5,1,3,1,1,2,3,3,2,1,4,3,4,5,3,3,3,3,5,3,5,1,,,,
ACCT 3021_TR11_Sp19,UG,Intermediate,C,FK,52,5/10/2019 9:23,4,4,4,4,4,4,4,4,4,4,4,4,4,4,4,4,4,4,4,4,4,4,4,4,4,4,4,4,4,4,4,4,4,4,4,4,4,4,4,4,4,4,4,4,4,4,4,4,4,4,4,4,,,,
ACCT 1101_Sp19,UG,Beginning,C,RR,203,5/9/2019 8:48,2,2,1,1,1,2,2,3,2,3,3,2,2,3,3,2,2,1,2,2,2,2,2,2,1,2,2,2,2,2,2,2,2,2,2,2,2,3,2,2,3,2,2,3,2,5,2,2,2,2,2,2,,,,
ACCT 1101_Sp19,UG,Beginning,C,RR,586,5/9/2019 12:51,2,2,1,1,3,2,2,2,2,1,1,1,2,1,1,1,2,2,2,1,1,1,1,1,1,1,2,2,3,4,2,4,4,5,2,3,4,3,3,3,2,1,6,4,1,5,3,2,2,2,3,1,,,,
ACCT 1101_Sp19,UG,Beginning,C,RR,201,5/9/2019 13:13,3,3,3,3,2,3,3,3,3,3,3,4,3,4,4,4,3,3,3,3,3,3,3,4,4,4,4,4,4,4,4,4,4,4,3,3,3,3,3,3,3,3,3,3,3,3,3,3,3,3,3,3,,,,
ACCT 1101_Sp19,UG,Beginning,C,RR,719,5/10/2019 9:23,3,3,3,2,3,3,3,3,3,4,4,3,3,3,2,3,3,4,1,2,2,1,3,2,2,2,2,2,4,4,4,4,4,4,3,3,3,3,3,3,3,2,4,3,3,4,3,2,3,2,2,2,,,,
ACCT 1101_Sp19,UG,Beginning,C,RR,243,5/10/2019 15:14,4,3,2,4,4,3,4,4,3,5,6,4,4,5,4,5,5,4,3,3,3,4,4,4,3,3,3,4,4,4,4,4,4,4,3,3,3,3,3,3,3,3,3,3,3,3,3,3,3,3,3,4,,,,
ACCT 1101_Sp19,UG,Beginning,C,RR,141,5/10/2019 19:58,1,1,1,1,1,1,1,1,1,1,1,1,1,1,1,1,1,1,1,1,1,1,1,1,1,1,1,1,1,1,1,1,1,1,1,1,1,1,1,1,1,1,1,1,1,1,1,1,1,1,1,1,,,,
ACCT 1101_Sp19,UG,Beginning,C,RR,313,5/10/2019 21:17,2,1,2,2,1,2,1,1,1,2,2,2,1,2,2,2,2,1,1,1,1,1,1,1,1,2,2,2,2,2,2,2,2,2,1,2,2,1,1,1,2,1,2,3,2,2,1,2,2,1,2,1,,,,
ACCT 1101_Sp19,UG,Beginning,C,RR,2902,5/11/2019 21:21,2,2,2,1,1,2,1,1,1,4,3,3,1,3,3,3,2,3,1,1,1,1,2,2,1,1,1,1,1,1,1,1,1,1,1,1,1,1,1,1,1,1,6,6,5,7,4,4,4,2,1,1,,,,
ACCT 1101_Sp19,UG,Beginning,C,RR,530,5/11/2019 22:30,2,1,1,1,2,2,2,1,1,1,1,2,2,2,1,3,1,1,1,1,1,1,1,1,1,1,1,1,3,3,3,3,3,3,1,2,1,2,1,1,1,1,3,1,1,6,1,1,1,1,1,1,,,,
ACCT 1101_Sp19,UG,Beginning,C,RR,407,5/12/2019 14:54,3,2,1,1,3,2,1,2,2,3,2,2,2,2,1,2,2,2,2,3,2,1,2,2,1,2,1,2,1,2,2,2,1,1,1,1,2,1,1,1,1,1,2,2,1,5,2,1,2,2,1,1,,,,
ACCT 1101_Sp19,UG,Beginning,C,RR,138,5/12/2019 17:46,2,2,2,3,2,1,2,1,1,1,1,2,2,2,1,1,2,2,1,1,1,1,2,2,2,2,3,2,2,3,3,3,2,2,1,1,1,2,2,2,2,2,1,2,3,3,3,3,1,1,1,1,,,,
ACCT 1101_Sp19,UG,Beginning,C,RR,898,5/12/2019 19:31,1,1,1,1,1,2,1,1,1,1,1,1,1,1,1,1,1,1,1,1,1,1,1,1,1,1,1,1,1,3,4,5,4,1,1,1,1,1,1,1,1,1,3,5,1,3,1,1,1,1,1,1,,,,
ACCT 1101_Sp19,UG,Beginning,C,RR,535,5/12/2019 20:33,2,2,2,1,2,2,2,3,2,3,3,2,2,2,2,2,1,1,1,1,1,1,1,1,1,1,1,1,6,6,6,6,6,6,5,5,5,4,5,5,5,5,1,1,1,1,1,1,1,1,1,1,,,,
ACCT 1101_Sp19,UG,Beginning,C,RR,228,5/12/2019 20:40,1,1,1,1,1,1,1,1,1,2,1,1,1,1,1,1,1,1,1,1,1,1,1,1,1,1,1,1,1,2,2,1,3,2,1,1,1,1,1,1,1,1,3,3,1,5,1,1,1,1,1,1,,,,
ACCT 1101_Sp19,UG,Beginning,C,RR,556,5/13/2019 9:50,3,4,2,6,2,4,3,3,3,6,6,6,3,6,4,6,6,6,2,3,5,5,3,4,2,6,2,3,2,3,4,4,4,3,3,2,2,2,2,2,2,2,3,2,3,5,2,3,2,3,2,2,,,,
ACCT 1101_Sp19,UG,Beginning,C,RR,2613,5/13/2019 10:18,3,3,3,3,3,3,3,3,3,3,3,3,3,3,3,3,3,3,3,3,3,3,3,3,3,3,3,3,3,3,3,3,3,3,3,3,3,3,3,3,3,3,3,3,3,3,3,3,3,3,3,3,,,,
ACCT 1101_Sp19,UG,Beginning,C,RR,260,5/13/2019 20:15,3,3,3,4,4,4,3,4,3,5,5,5,3,5,5,5,2,4,2,2,2,2,3,3,3,3,3,3,2,5,5,3,3,3,2,2,2,2,2,2,2,2,4,2,3,5,3,3,3,2,2,2,,,,
ACCT 1101_Sp19,UG,Beginning,C,RR,1681,5/13/2019 21:00,5,2,6,2,3,1,3,2,2,3,1,1,2,2,1,1,2,3,3,2,2,3,2,3,2,2,1,3,1,2,2,1,1,1,1,2,2,1,1,1,2,2,3,3,3,2,2,2,1,2,3,3,,,,
ACCT 1101_Sp19,UG,Beginning,C,RR,315,5/14/2019 12:09,2,2,2,3,2,2,2,2,2,2,2,2,2,2,2,2,3,3,2,2,2,2,2,2,2,2,2,2,2,2,2,2,2,2,2,2,2,2,2,2,2,2,3,2,3,4,3,3,3,2,2,3,,,,
ACCT 1101_Sp19,UG,Beginning,C,RR,379,5/14/2019 17:06,3,2,3,2,2,2,3,2,2,2,1,1,2,1,1,2,2,2,3,2,2,3,2,2,2,2,2,2,2,3,3,2,3,2,2,2,3,2,2,2,2,2,3,2,3,3,2,2,2,2,2,2,,,,
ACCT 1101_Sp19,UG,Beginning,C,RR,244,5/14/2019 20:11,2,2,2,2,2,2,2,2,2,2,2,2,2,2,2,2,2,2,2,2,2,2,2,2,2,2,2,2,3,3,3,3,7,7,2,2,2,2,2,2,2,2,2,2,2,2,2,2,2,2,2,2,,,,
ACCT 1101_Sp19,UG,Beginning,C,RR,661,5/15/2019 16:15,3,2,3,1,2,2,2,1,2,3,2,2,1,2,2,2,2,3,2,2,2,2,2,3,1,2,1,2,1,3,2,1,3,3,1,2,3,2,2,2,2,1,2,2,2,5,2,2,2,2,1,1,,,,
ACCT 1101_Sp19,UG,Beginning,C,RR,200,5/15/2019 20:04,2,3,4,5,3,4,3,3,3,3,3,3,3,3,3,3,3,3,3,3,3,3,3,3,3,3,3,3,3,3,3,3,3,3,3,3,3,3,3,3,3,3,3,3,3,3,3,3,3,3,3,3,,,,
ACCT 1101_Sp19,UG,Beginning,C,RR,116,5/15/2019 22:17,1,1,1,1,1,1,1,1,1,1,1,1,1,1,1,1,1,1,1,1,1,1,1,1,1,1,1,1,5,5,5,5,5,5,1,1,1,1,1,1,1,1,1,2,2,2,1,1,1,2,1,1,,,,
ACCT 1101_Sp19,UG,Beginning,C,RR,393,5/16/2019 10:33,2,2,2,1,2,1,2,1,1,1,1,1,1,2,2,1,1,1,1,1,1,1,1,1,1,2,1,2,2,2,2,2,2,2,2,2,2,2,2,2,2,2,2,2,2,3,2,1,1,2,2,2,,,,
ACCT 1101_Sp19,UG,Beginning,C,RR,343,5/16/2019 19:23,1,1,1,1,1,1,1,1,1,1,1,2,1,2,2,1,1,1,1,1,1,1,1,1,1,1,1,1,2,2,2,2,2,2,1,1,1,1,1,1,1,1,1,1,1,1,1,1,1,1,1,1,,,,
ACCT 1101_Sp19,UG,Beginning,C,RR,526,5/17/2019 9:30,1,1,1,1,1,2,1,2,1,2,1,1,1,1,1,2,1,2,1,2,1,1,1,1,1,1,1,1,2,2,2,2,2,2,3,2,1,1,1,1,1,1,2,2,2,3,2,1,1,1,1,1,,,,
ACCT 1101_Sp19,UG,Beginning,C,RR,246,5/17/2019 16:51,3,3,4,3,3,4,4,4,4,4,4,4,4,4,4,4,4,4,4,4,4,4,4,4,4,4,4,4,4,4,4,4,4,4,4,4,4,4,4,4,4,4,4,4,4,4,4,4,4,4,4,4,,,,
ACCT 1101_Sp19,UG,Beginning,C,RR,678,5/18/2019 21:25,3,3,3,3,3,3,3,2,2,3,3,3,2,3,2,3,4,4,3,3,3,3,2,2,2,5,3,2,2,2,2,2,2,2,3,3,3,3,3,3,3,3,7,2,4,5,2,3,3,3,3,3,,,,
ACCT 1101_Sp19,UG,Beginning,C,RR,28398,5/19/2019 21:08,2,2,2,2,2,2,2,2,2,2,2,2,2,2,2,2,3,2,2,3,3,2,2,2,2,1,1,2,2,3,2,2,2,2,2,2,3,2,2,2,2,2,2,2,2,2,2,2,2,2,2,2,,,,
ACCT 1101_Sp19,UG,Beginning,C,RR,523,5/21/2019 21:33,1,1,1,1,1,1,1,4,1,2,2,1,1,1,1,1,2,2,1,1,1,1,2,1,1,1,1,1,1,1,1,1,3,1,1,1,1,1,1,1,1,1,3,2,3,3,2,2,1,1,1,3,,,,
ACCT 1101HD10_Sp19,UG,Beginning,C,JF,403,5/9/2019 12:55,3,2,3,2,3,4,2,3,1,1,1,1,2,1,1,1,2,4,2,1,1,2,2,1,1,2,3,1,2,3,2,2,2,2,3,3,2,2,2,3,3,4,6,3,1,5,1,2,1,2,2,2,,,,
ACCT 1101HD10_Sp19,UG,Beginning,C,JF,397,5/9/2019 12:55,1,1,1,1,1,2,2,1,1,1,1,1,1,1,1,1,1,1,1,1,1,1,2,2,1,2,1,1,3,2,2,2,2,3,2,2,2,1,2,2,1,2,2,2,2,2,2,1,1,1,1,1,,,,
ACCT 1101HD10_Sp19,UG,Beginning,C,JF,258,5/9/2019 12:56,2,3,3,3,2,3,3,2,2,3,3,4,3,3,3,4,3,4,3,3,3,3,3,3,3,3,2,2,3,3,3,3,3,2,2,2,4,3,3,3,3,2,3,3,3,4,3,2,2,2,2,2,,,,
ACCT 1101HD10_Sp19,UG,Beginning,C,JF,317,5/9/2019 12:56,2,1,2,2,1,1,1,1,1,1,1,2,1,2,1,1,1,1,1,1,1,1,1,1,1,1,1,1,2,3,5,6,5,5,1,2,2,2,2,2,2,2,5,3,2,6,2,2,2,2,1,1,,,,
ACCT 1101HD10_Sp19,UG,Beginning,C,JF,390,5/9/2019 12:57,3,2,1,1,3,1,1,2,3,1,1,1,1,1,1,1,2,4,1,3,2,1,2,2,1,1,1,1,1,4,4,1,3,1,1,1,2,1,1,1,1,1,2,2,1,3,1,1,1,1,1,1,,,,
ACCT 1101HD10_Sp19,UG,Beginning,C,JF,525,5/9/2019 12:57,1,1,2,1,3,3,3,3,4,5,5,4,2,2,3,4,1,2,3,2,2,3,1,2,1,2,2,1,4,3,4,2,3,3,1,1,3,2,2,2,2,3,2,2,2,2,1,1,1,1,1,2,,,,
ACCT 1101HD10_Sp19,UG,Beginning,C,JF,520,5/9/2019 12:57,1,2,1,3,1,2,1,3,3,1,2,1,1,1,2,2,3,2,1,1,1,2,1,2,1,3,1,1,2,3,3,4,4,4,1,2,2,2,1,1,2,2,2,2,3,2,2,1,1,2,1,1,,,,
ACCT 1101HD10_Sp19,UG,Beginning,C,JF,484,5/9/2019 12:58,2,2,2,3,2,3,2,2,2,3,3,3,3,3,3,3,2,2,2,3,2,3,3,3,2,2,2,3,2,3,3,3,1,2,2,2,1,2,2,5,2,2,3,2,2,2,3,2,2,3,3,3,,,,
ACCT 1101HD10_Sp19,UG,Beginning,C,JF,1669,5/9/2019 12:59,2,2,2,1,1,1,2,3,3,3,1,2,2,6,3,3,2,1,2,1,2,1,1,2,2,1,1,2,1,2,1,1,1,1,1,2,2,3,2,3,2,1,4,3,3,7,2,2,3,2,1,1,,,,
ACCT 1101HD10_Sp19,UG,Beginning,C,JF,562,5/9/2019 13:00,2,2,3,3,2,4,2,2,2,6,6,6,2,4,4,6,2,4,2,2,2,3,3,3,2,2,2,3,2,2,3,2,3,2,1,1,1,2,2,2,2,2,2,2,2,4,2,3,4,2,2,3,,,,
ACCT 1101HD10_Sp19,UG,Beginning,C,JF,633,5/9/2019 13:00,1,1,1,1,2,2,2,1,1,3,3,2,2,1,2,2,1,1,1,1,1,1,2,2,1,2,2,2,4,5,5,5,5,5,2,3,2,2,2,2,2,1,2,2,2,4,2,2,2,2,2,2,,,,
ACCT 1101HD10_Sp19,UG,Beginning,C,JF,726,5/9/2019 13:01,3,3,2,2,2,4,2,2,2,1,1,1,2,2,3,2,4,6,3,5,4,2,1,2,1,2,6,4,2,2,2,2,6,5,3,2,6,6,3,2,2,4,6,3,2,6,3,3,1,2,2,1,,,,
ACCT 1101HD10_Sp19,UG,Beginning,C,JF,1183,5/9/2019 13:08,3,2,3,4,3,4,3,3,2,5,4,4,2,5,4,5,4,3,2,4,4,2,4,3,2,3,2,3,2,4,4,2,2,5,1,2,4,2,2,2,2,3,4,4,4,6,4,3,2,2,2,1,,,,
ACCT 1101HD10_Sp19,UG,Beginning,C,JF,411,5/9/2019 16:26,2,1,2,4,5,3,2,5,2,4,4,4,5,3,3,4,2,2,1,1,1,2,2,2,1,2,1,1,2,2,2,2,2,2,1,1,5,5,2,2,2,5,4,2,2,4,2,3,2,1,1,1,,,,
ACCT 1101HD10_Sp19,UG,Beginning,C,JF,757,5/9/2019 17:24,2,1,2,3,1,1,2,2,1,3,2,2,1,3,1,3,1,4,1,1,2,2,3,1,1,1,3,2,1,2,1,1,1,3,1,3,1,1,1,1,2,5,3,2,3,6,2,2,1,1,1,1,,,,
ACCT 1101HD10_Sp19,UG,Beginning,C,JF,759,5/9/2019 17:25,3,1,5,1,3,6,2,2,1,6,6,5,2,6,6,6,2,3,2,1,1,1,2,2,1,1,3,1,2,2,2,2,2,2,2,2,2,1,2,2,2,2,2,2,3,3,2,5,2,2,2,1,,,,
ACCT 1101HD10_Sp19,UG,Beginning,C,JF,110,5/11/2019 0:33,3,2,3,3,3,3,3,2,3,2,2,2,3,2,2,2,3,2,3,3,3,3,3,3,3,4,3,3,3,3,3,3,3,3,3,3,3,3,3,3,3,3,3,4,4,3,3,4,3,3,3,3,,,,
ACCT 1101HD10_Sp19,UG,Beginning,C,JF,2652,5/11/2019 10:40,2,2,2,1,1,1,1,2,2,6,2,3,2,2,2,2,2,2,2,2,2,2,2,2,1,2,1,2,3,3,3,3,3,3,1,1,1,1,1,1,1,1,1,1,1,5,1,1,1,2,1,1,,,,
ACCT 1101HD10_Sp19,UG,Beginning,C,JF,267,5/16/2019 15:23,2,3,3,2,1,2,1,1,1,1,1,1,1,1,2,1,2,2,2,2,2,1,1,2,1,1,1,2,5,5,5,6,6,6,1,1,1,1,1,1,1,1,1,2,1,4,2,1,1,2,2,2,,,,
BU 3502 Sp_19,UG,Intermediate,C,JF,139,5/8/2019 13:44,3,2,2,2,2,2,3,5,3,5,5,5,3,3,3,3,2,2,2,3,3,2,2,3,3,3,3,2,2,2,3,2,3,3,3,3,3,3,3,3,2,2,3,3,3,3,3,2,3,2,3,3,,,,
BU 3502 Sp_19,UG,Intermediate,C,JF,195,5/8/2019 14:05,1,1,1,1,1,1,1,2,2,2,2,2,2,2,2,2,1,3,2,2,3,3,1,2,1,2,1,3,4,3,5,4,4,4,2,3,2,3,4,3,2,4,3,3,4,6,2,2,2,2,2,2,,,,
BU 3502 Sp_19,UG,Intermediate,C,JF,364,5/8/2019 14:07,3,2,3,1,2,4,2,2,2,1,1,1,3,1,1,1,2,5,2,2,2,2,2,2,1,3,1,4,2,5,5,5,5,6,1,1,6,1,2,2,1,3,5,1,2,6,6,4,2,2,1,2,,,,
BU 3502 Sp_19,UG,Intermediate,C,JF,459,5/8/2019 14:08,2,2,2,3,2,2,2,3,2,2,2,2,3,2,2,2,2,2,2,2,2,2,2,4,2,2,2,4,2,2,2,2,2,2,1,1,3,2,3,2,2,3,2,2,2,2,1,2,1,1,2,2,,,,
BU 3502 Sp_19,UG,Intermediate,C,JF,501,5/8/2019 14:08,3,3,3,4,3,2,2,4,3,5,4,4,3,2,3,3,3,3,3,2,2,3,2,2,3,2,4,2,2,3,3,2,2,2,3,5,6,2,6,2,3,3,2,3,4,5,3,4,3,3,3,2,,,,
BU 3502 Sp_19,UG,Intermediate,C,JF,510,5/8/2019 14:09,3,6,3,2,4,2,5,2,7,6,6,6,4,7,7,6,4,6,6,4,4,5,7,7,6,3,4,6,4,4,4,6,6,7,2,7,4,3,4,4,4,4,3,5,3,4,3,4,6,4,3,2,,,,
BU 3502 Sp_19,UG,Intermediate,C,JF,464,5/8/2019 14:09,4,1,3,1,2,1,1,4,2,2,3,2,1,1,1,1,2,2,1,2,1,1,4,2,1,2,2,2,1,1,1,1,1,1,1,2,4,1,1,3,4,4,4,4,2,4,2,1,1,1,1,1,,,,
BU 3502 Sp_19,UG,Intermediate,C,JF,339,5/8/2019 14:09,1,1,3,4,1,2,2,1,3,3,3,3,1,4,1,4,1,1,1,2,1,3,6,1,3,1,5,3,2,3,2,2,2,2,1,1,3,1,1,1,1,1,1,1,1,1,1,1,2,1,1,1,,,,
BU 3502 Sp_19,UG,Intermediate,C,JF,497,5/8/2019 14:11,1,2,3,1,2,2,1,2,2,4,3,3,2,3,3,4,2,2,2,2,2,1,2,2,2,1,1,1,1,1,1,1,1,1,2,2,2,2,2,2,2,2,3,2,2,2,2,3,3,2,2,1,,,,
BU 3502 Sp_19,UG,Intermediate,C,JF,638,5/8/2019 14:11,3,2,4,5,3,3,3,3,2,5,6,6,4,6,5,6,4,3,3,4,4,2,2,4,3,2,1,3,7,7,6,7,7,6,2,1,3,4,3,4,4,2,2,3,3,6,3,3,2,3,2,2,,,,
BU 3502 Sp_19,UG,Intermediate,C,JF,716,5/8/2019 14:11,2,4,4,2,2,3,2,2,3,2,2,2,3,1,3,2,3,4,3,3,3,3,4,2,1,3,4,3,1,3,4,4,2,2,1,1,4,4,4,4,3,4,5,5,3,5,3,4,4,3,2,2,,,,
BU 3502 Sp_19,UG,Intermediate,C,JF,460,5/8/2019 14:14,1,3,1,3,2,4,1,2,2,3,3,3,1,2,2,2,2,1,2,2,2,2,1,1,2,2,3,2,4,4,4,4,4,4,2,2,2,2,3,2,3,3,3,3,3,3,3,3,2,2,2,2,,,,
BU 3502 Sp_19,UG,Intermediate,C,JF,759,5/8/2019 14:16,3,3,3,3,2,3,2,3,3,4,4,3,3,6,5,5,3,3,3,3,3,3,3,3,2,2,3,3,3,3,3,5,3,3,2,2,3,2,3,2,2,3,2,3,2,3,3,3,2,2,2,2,,,,
BUS 640 Su_19,G,Intermediate,O,JF,560,7/17/2019 18:08,2,2,2,1,1,2,1,2,2,4,4,3,2,2,2,3,2,3,1,2,2,1,2,2,3,2,1,2,5,5,5,5,5,5,1,1,2,2,1,1,1,2,3,3,2,5,2,2,2,2,1,1,,,,
BUS 640 Su_19,G,Intermediate,O,JF,451,7/17/2019 18:17,1,1,1,1,1,1,1,1,1,1,1,1,1,1,1,1,1,1,1,1,1,1,1,1,1,1,1,1,1,2,1,1,2,1,1,1,1,1,1,1,1,1,3,3,1,5,1,1,1,1,1,1,,,,
BUS 640 Su_19,G,Intermediate,O,JF,821,7/17/2019 18:19,1,1,1,1,1,1,1,1,1,2,1,1,1,1,1,1,1,1,1,1,1,1,1,1,1,1,1,1,3,3,3,2,3,3,1,1,1,1,1,1,1,1,5,5,2,5,2,1,2,1,1,1,,,,
BUS 640 Su_19,G,Intermediate,O,JF,283,7/17/2019 18:20,2,3,1,1,2,3,1,2,1,4,3,2,1,2,1,2,4,2,4,3,3,1,1,4,1,1,2,4,2,2,1,1,1,3,2,1,2,1,3,3,2,1,4,3,1,2,1,1,1,1,1,1,,,,
BUS 640 Su_19,G,Intermediate,O,JF,489,7/17/2019 19:08,2,2,1,1,1,2,1,1,1,2,1,1,1,2,2,2,1,1,1,1,1,1,1,1,1,1,1,1,2,3,3,3,4,3,2,2,2,1,1,1,1,1,2,2,2,3,3,3,2,2,1,1,,,,
BUS 640 Su_19,G,Intermediate,O,JF,303,7/17/2019 19:10,1,1,1,2,1,1,2,1,1,1,1,1,2,1,1,1,1,1,2,1,1,1,1,1,1,1,1,1,1,1,1,2,2,3,1,1,1,1,1,1,2,1,1,1,1,1,1,1,1,1,1,1,,,,
BUS 640 Su_19,G,Intermediate,O,JF,209,7/17/2019 20:44,1,1,1,1,2,1,1,2,2,5,4,4,2,1,1,2,1,1,1,1,1,2,1,1,1,1,1,1,2,5,4,4,4,1,1,1,2,2,1,1,1,1,1,2,2,2,2,2,2,2,2,2,,,,
BUS 640 Su_19,G,Intermediate,O,JF,550,7/17/2019 20:57,3,1,3,2,3,4,3,1,1,1,1,1,1,1,1,1,1,3,3,1,1,1,4,2,4,1,3,1,2,2,2,2,2,2,2,1,3,2,2,3,3,2,5,5,5,5,5,4,3,1,1,1,,,,
BUS 640 Su_19,G,Intermediate,O,JF,728,7/17/2019 21:45,2,2,1,1,1,1,1,2,1,2,1,2,1,3,3,2,1,1,2,2,2,2,1,2,2,1,1,2,4,5,5,3,5,3,2,1,2,3,3,2,2,2,3,3,3,6,2,3,3,1,1,1,,,,
BUS 640 Su_19,G,Intermediate,O,JF,445,7/18/2019 1:13,2,2,2,1,2,3,2,1,1,3,3,2,1,2,3,3,1,2,2,1,1,1,2,1,2,1,1,1,3,4,4,5,5,4,2,2,2,2,3,2,3,2,3,3,2,2,2,2,2,1,2,2,,,,
BUS 640 Su_19,G,Intermediate,O,JF,243,7/18/2019 5:47,2,2,2,1,1,2,1,1,1,1,1,1,1,1,1,1,2,2,2,2,2,2,2,2,2,2,2,2,2,2,2,2,2,2,1,1,1,1,1,1,1,1,2,1,1,2,2,1,2,1,1,1,,,,
BUS 640 Su_19,G,Intermediate,O,JF,538,7/18/2019 6:40,2,2,3,4,3,5,3,5,4,7,7,7,4,7,7,7,4,7,3,3,3,4,4,4,4,4,4,5,6,6,6,6,6,6,3,6,4,5,5,6,5,4,4,4,6,2,5,5,7,4,4,4,,,,
BUS 640 Su_19,G,Intermediate,O,JF,78,7/18/2019 6:47,1,1,1,1,1,1,1,1,1,1,1,1,1,1,1,1,1,1,1,1,1,1,1,1,1,1,1,1,2,2,2,2,2,2,2,1,2,2,1,2,2,1,2,2,2,2,2,2,2,2,2,2,,,,
BUS 640 Su_19,G,Intermediate,O,JF,994,7/18/2019 7:28,2,2,2,2,3,3,4,5,2,4,4,5,2,4,4,4,3,4,2,2,4,3,2,3,1,1,1,2,6,6,6,6,6,6,1,2,2,1,1,1,1,1,5,5,5,6,3,3,2,2,2,2,,,,
BUS 640 Su_19,G,Intermediate,O,JF,181,7/18/2019 7:35,3,2,2,1,3,1,1,2,2,7,7,6,2,3,2,2,2,2,2,2,2,1,2,2,2,2,2,2,2,6,6,6,2,3,1,1,4,1,1,2,1,4,1,5,1,5,2,2,2,1,1,2,,,,
BUS 640 Su_19,G,Intermediate,O,JF,218,7/18/2019 8:06,2,2,2,2,2,3,3,2,2,2,2,2,2,2,2,2,2,3,2,2,2,2,3,2,2,2,2,3,3,3,3,3,2,3,2,2,2,2,2,2,2,2,3,3,3,3,2,2,2,2,2,2,,,,
BUS 640 Su_19,G,Intermediate,O,JF,332,7/18/2019 8:27,2,3,2,4,1,1,3,4,2,1,1,1,4,6,3,3,3,2,2,1,2,2,2,3,4,4,4,4,3,4,3,2,3,1,2,3,4,3,3,2,3,4,2,3,2,1,2,3,2,3,2,2,,,,
BUS 640 Su_19,G,Intermediate,O,JF,78,7/18/2019 11:55,1,1,1,1,1,1,1,1,1,1,1,1,1,1,1,1,1,1,1,1,1,1,1,1,1,1,1,1,1,1,1,1,1,1,1,1,1,1,1,1,1,1,1,1,1,1,1,1,1,1,1,1,,,,
BUS 640 Su_19,G,Intermediate,O,JF,2332,7/18/2019 12:12,1,1,1,1,1,1,1,1,1,3,3,3,2,5,5,3,1,1,2,3,3,2,1,1,3,1,1,1,5,5,5,5,5,3,1,2,2,3,3,5,2,2,2,2,2,2,2,2,2,1,3,1,,,,
BUS 640 Su_19,G,Intermediate,O,JF,690,7/18/2019 13:17,3,2,1,1,1,2,2,2,2,4,4,4,1,4,1,4,3,3,1,1,2,1,2,2,1,2,2,2,3,3,4,3,4,2,2,1,4,3,1,2,2,3,4,3,3,2,2,2,3,2,2,2,,,,
BUS 640 Su_19,G,Intermediate,O,JF,1261,7/18/2019 13:27,1,1,2,1,2,1,1,2,1,4,4,2,1,2,2,4,1,1,1,1,1,1,1,1,1,1,1,1,4,4,4,4,4,4,1,1,1,1,2,2,2,2,1,1,2,2,2,2,1,1,1,1,,,,
BUS 640 Su_19,G,Intermediate,O,JF,243,7/18/2019 15:33,1,1,1,1,1,1,1,2,1,2,3,2,2,1,2,2,1,2,1,1,1,1,1,1,1,1,2,2,2,2,2,2,3,3,1,1,2,3,2,1,1,1,1,1,1,1,1,1,1,1,1,1,,,,
BUS 640 Su_19,G,Intermediate,O,JF,405,7/18/2019 20:05,1,1,1,1,1,1,1,1,1,2,3,3,1,1,3,2,1,1,1,1,1,1,1,1,2,1,1,1,2,2,2,2,5,5,1,2,1,1,1,1,1,1,1,1,1,6,2,2,2,1,1,1,,,,
BUS 640 Su_19,G,Intermediate,O,JF,235,7/18/2019 21:50,2,2,2,2,2,3,2,3,3,6,3,4,4,3,3,3,4,4,2,2,2,3,3,3,4,3,3,2,2,2,2,2,2,2,2,2,2,2,2,2,2,2,2,3,3,3,3,3,3,3,3,3,,,,
BUS 640 Su_19,G,Intermediate,O,JF,723,7/19/2019 5:03,1,1,1,1,1,1,1,1,1,1,1,1,1,1,1,1,1,1,1,1,1,1,1,1,1,1,1,1,1,2,1,1,1,3,1,1,1,1,1,1,1,1,1,3,1,5,3,1,1,1,1,1,,,,
BUS 640 Su_19,G,Intermediate,O,JF,210,7/19/2019 12:34,2,1,2,2,1,2,2,2,2,3,3,2,2,2,2,2,2,2,2,2,2,2,2,2,2,2,2,3,2,2,2,3,2,2,2,3,3,2,2,2,3,2,3,3,3,4,2,2,2,3,2,2,,,,
BUS_640_01_F19,G,Intermediate,O,JF,475,12/5/2019 18:42,2,1,1,1,1,1,1,1,1,1,6,1,1,1,1,1,1,6,1,1,1,1,7,1,1,1,1,1,1,1,1,1,1,1,1,1,1,1,1,1,1,1,2,2,2,7,1,1,1,1,1,1,2,1,5,4
BUS_640_01_F19,G,Intermediate,O,JF,1105,12/5/2019 21:03,2,2,2,1,6,6,6,2,2,6,6,6,2,6,2,4,4,4,4,4,2,2,2,2,3,2,2,2,4,4,4,4,4,4,2,2,2,2,2,2,2,2,1,1,1,1,1,1,1,2,2,2,2,,3,2
BUS_640_01_F19,G,Intermediate,O,JF,464,12/7/2019 10:07,1,1,1,2,1,4,2,2,2,1,1,1,1,1,1,1,2,2,2,2,2,2,2,2,2,2,2,2,3,3,4,4,4,4,1,1,1,1,1,1,1,1,2,2,2,2,4,4,2,2,2,2,1,2,2,2
BUS_640_01_F19,G,Intermediate,O,JF,758,12/8/2019 14:20,2,2,1,2,1,3,1,1,2,4,2,2,1,1,3,4,2,1,2,2,2,1,2,4,2,1,1,3,1,1,1,1,1,2,1,1,1,1,1,1,1,1,2,1,2,2,2,4,1,1,1,2,2,2,5,1
BUS_640_01_F19,G,Intermediate,O,JF,418,12/8/2019 15:02,6,6,6,6,6,6,6,4,4,7,7,7,3,3,6,7,4,4,7,4,4,4,4,4,4,4,4,4,4,4,4,4,4,4,4,4,4,4,4,4,4,4,5,5,5,6,5,4,4,4,4,4,1,,1,1
BUS_640_01_F19,G,Intermediate,O,JF,368,12/8/2019 15:18,2,2,2,2,2,2,2,2,2,2,2,2,2,2,2,2,2,2,2,2,2,2,2,2,2,2,2,2,3,3,4,4,4,6,2,2,2,2,2,2,2,2,2,2,2,5,2,2,2,2,2,2,2,1,2,3
BUS_640_01_F19,G,Intermediate,O,JF,574,12/8/2019 16:01,2,2,2,1,2,2,2,3,3,4,4,4,3,3,4,4,2,3,2,2,2,2,2,2,2,2,2,3,3,4,4,4,3,3,2,2,2,2,2,2,2,2,3,3,2,5,6,2,2,1,1,2,2,2,2,2
BUS_640_01_F19,G,Intermediate,O,JF,2482,12/8/2019 19:30,1,1,1,1,1,1,1,1,1,2,1,1,1,1,1,1,1,1,1,1,1,1,1,1,1,1,1,1,2,4,4,3,3,2,1,1,1,1,1,1,2,1,3,2,3,7,2,1,1,1,1,1,2,2,1,1
BUS_640_01_F19,G,Intermediate,O,JF,1333,12/8/2019 19:54,1,1,1,2,1,2,2,1,2,2,2,2,1,2,2,2,1,2,1,2,1,2,2,1,2,2,1,1,3,3,3,3,3,3,2,2,2,2,2,2,2,2,2,2,1,3,1,2,2,2,2,2,1,2,3,1
BUS_640_01_F19,G,Intermediate,O,JF,2661,12/9/2019 9:47,4,4,3,4,1,4,1,1,1,3,3,3,1,3,3,3,3,3,2,2,2,2,3,2,1,1,1,2,4,4,4,4,4,4,3,3,3,1,3,3,3,3,3,3,3,3,3,3,1,1,1,1,1,2,1,4
BUS_640_01_F19,G,Intermediate,O,JF,1355,12/9/2019 10:52,1,1,1,1,1,1,1,1,1,1,1,1,1,2,1,1,1,3,2,2,2,1,1,1,1,1,1,1,1,7,3,3,3,1,1,1,1,1,1,2,1,2,1,2,1,1,1,1,2,1,1,1,1,1,1,2
BUS_640_01_F19,G,Intermediate,O,JF,326,12/10/2019 10:38,2,2,2,2,2,2,2,4,4,6,6,6,2,6,6,6,4,4,2,2,2,2,3,2,2,2,2,2,4,4,4,4,4,4,2,2,2,2,2,2,2,2,3,3,3,3,3,3,3,2,2,4,1,1,3,2
BUS_640_01_F19,G,Intermediate,O,JF,537,12/10/2019 17:02,2,2,2,2,2,4,2,2,2,2,2,2,2,2,2,2,2,2,2,4,4,2,2,3,2,2,2,3,4,4,4,4,3,4,2,3,2,3,2,2,2,2,2,4,2,2,2,2,4,2,2,2,1,,1,1
BUS_640_01_F19,G,Intermediate,O,JF,783,12/10/2019 19:15,1,1,1,1,1,1,1,1,1,1,1,1,1,1,1,1,1,1,2,2,2,2,1,2,1,1,1,1,1,1,1,1,1,1,1,1,1,1,1,1,1,1,5,1,2,7,2,2,1,1,1,1,2,2,5,4
BUS_640_01_F19,G,Intermediate,O,JF,942,12/10/2019 22:21,2,2,2,4,2,4,2,3,2,5,5,5,2,4,4,4,3,4,2,3,3,3,3,3,2,2,2,2,2,3,3,3,4,5,2,1,2,3,2,2,2,2,3,3,3,2,2,2,3,2,2,3,1,2,1,2
BUS_640_01_F19,G,Intermediate,O,JF,521,12/12/2019 1:00,4,5,5,2,4,4,4,3,2,4,4,4,2,4,4,2,2,2,2,2,2,2,2,2,2,2,2,2,2,2,2,2,2,2,2,2,2,2,2,2,2,2,2,2,2,2,2,2,2,2,2,2,2,,1,1
BUS_640_01_F19,G,Intermediate,O,JF,323,12/12/2019 19:34,2,2,2,2,2,2,2,2,2,2,2,2,2,2,2,2,2,2,2,2,2,2,2,2,2,2,2,2,2,2,2,2,2,2,2,2,2,2,2,2,2,2,2,2,2,2,2,2,2,2,2,2,2,2,2,4
BUS_640_01_F19,G,Intermediate,O,JF,364,12/12/2019 19:44,4,3,4,1,1,2,2,2,2,2,3,3,2,2,2,2,2,1,1,1,1,1,2,1,3,2,2,2,3,3,3,2,2,3,2,3,3,2,2,4,3,2,2,2,2,2,2,2,2,2,2,2,2,1,5,3
BUS_640_01_F19,G,Intermediate,O,JF,980,12/13/2019 6:27,4,2,2,5,1,4,1,2,2,6,6,6,2,4,2,6,4,4,2,6,6,1,3,2,4,2,1,2,3,4,4,4,3,5,1,1,1,2,2,2,1,1,4,4,4,7,2,5,2,2,2,1,1,2,1,4
BUS_640_02_F19,G,Intermediate,O,JF,608,12/5/2019 18:42,3,3,3,3,2,4,2,4,3,4,4,4,3,4,4,4,4,4,3,4,3,3,3,3,4,3,3,3,4,4,4,4,4,4,2,2,2,2,2,2,2,2,4,4,3,3,3,4,4,3,3,3,2,,2,3
BUS_640_02_F19,G,Intermediate,O,JF,689,12/5/2019 19:04,1,1,2,2,1,2,2,2,2,2,2,1,1,1,1,1,1,2,2,2,2,2,2,2,2,2,2,1,2,3,4,3,2,3,3,3,3,2,1,2,2,2,2,2,3,2,2,2,3,1,2,3,2,2,1,1
BUS_640_02_F19,G,Intermediate,O,JF,1079,12/5/2019 20:41,2,2,1,2,1,4,3,2,1,1,1,1,1,1,1,1,1,1,1,1,1,1,2,2,4,1,1,2,4,4,4,4,4,4,1,1,2,1,1,1,1,1,6,6,6,2,2,2,1,1,1,1,2,2,2,1
BUS_640_02_F19,G,Intermediate,O,JF,223,12/6/2019 8:09,3,3,3,3,3,3,3,3,3,3,3,3,2,2,2,2,1,1,2,2,2,2,2,2,2,2,2,2,2,2,2,2,2,2,2,3,2,3,2,2,2,2,2,1,2,2,2,3,3,3,2,3,2,2,5,2
BUS_640_02_F19,G,Intermediate,O,JF,684,12/7/2019 0:35,2,4,3,4,3,4,4,5,5,5,5,4,5,5,5,4,4,4,4,4,4,4,4,4,5,5,3,4,4,3,4,4,4,4,3,3,4,3,3,4,3,4,4,3,3,4,3,4,5,5,4,4,1,2,1,2
BUS_640_02_F19,G,Intermediate,O,JF,682,12/7/2019 16:39,3,4,4,5,3,4,4,4,2,2,2,4,3,2,2,3,4,5,3,3,3,4,5,4,3,2,4,4,3,3,3,5,4,5,3,3,3,1,1,2,1,3,5,2,3,6,4,4,3,2,3,1,2,2,2,2
BUS_640_02_F19,G,Intermediate,O,JF,818,12/7/2019 21:19,2,2,3,2,1,3,1,4,3,7,7,7,3,7,7,7,4,4,2,2,2,2,4,4,1,1,1,3,1,1,1,1,1,1,1,1,1,1,1,1,1,1,1,1,1,1,1,1,1,3,1,1,2,2,2,4
BUS_640_02_F19,G,Intermediate,O,JF,820,12/8/2019 17:17,2,3,2,4,2,6,2,2,2,3,2,2,2,2,1,2,3,2,2,3,3,2,2,2,4,2,1,1,3,4,2,3,4,4,1,2,2,2,2,1,2,1,2,3,2,3,2,2,2,2,2,2,2,1,5,3
BUS_640_02_F19,G,Intermediate,O,JF,1639,12/8/2019 18:34,2,5,4,1,3,3,3,2,2,7,7,6,2,2,2,6,4,4,4,4,4,3,2,2,2,2,2,2,2,2,2,2,2,2,1,1,1,1,2,2,2,2,6,2,2,3,2,2,2,2,2,2,2,1,3,3
BUS_640_02_F19,G,Intermediate,O,JF,297,12/8/2019 18:43,1,1,1,1,1,1,1,1,1,1,1,1,1,1,1,1,1,1,1,1,1,1,1,1,1,1,1,1,1,1,1,1,1,1,1,1,1,1,1,1,1,7,1,1,1,1,1,1,1,1,1,1,1,1,2,1
BUS_640_02_F19,G,Intermediate,O,JF,104,12/8/2019 18:58,1,1,1,1,1,1,1,1,1,1,1,1,1,1,1,1,1,1,1,1,1,1,1,1,1,1,1,1,1,1,1,1,1,1,1,1,1,1,1,1,1,1,1,1,1,1,1,1,1,1,1,1,1,1,2,1
BUS_640_02_F19,G,Intermediate,O,JF,895,12/8/2019 20:16,2,2,2,2,2,4,2,2,2,3,3,3,2,3,3,3,4,4,3,3,3,3,2,2,1,2,2,2,3,4,4,4,4,4,2,2,2,2,3,3,3,3,2,4,2,2,3,3,3,2,2,1,1,,1,1
BUS_640_02_F19,G,Intermediate,O,JF,1032,12/9/2019 12:05,4,4,4,3,2,3,2,3,3,4,4,4,3,4,4,4,3,4,3,4,4,4,3,4,2,2,2,3,4,4,4,4,4,4,3,2,2,2,2,2,2,3,6,3,3,7,3,3,3,3,3,3,2,2,2,2
BUS_640_02_F19,G,Intermediate,O,JF,761,12/9/2019 12:50,2,1,1,2,1,3,1,1,1,2,1,2,1,2,2,2,2,2,2,3,3,2,1,1,1,1,1,1,2,3,3,4,4,4,1,1,2,1,1,1,2,2,3,3,2,5,2,2,1,1,1,1,2,2,2,2
BUS_640_02_F19,G,Intermediate,O,JF,1100,12/9/2019 21:42,1,1,1,6,1,6,1,2,2,6,6,5,1,2,1,5,1,1,1,1,1,1,1,1,1,1,1,1,1,6,5,6,5,5,1,1,1,1,1,1,1,1,1,2,1,7,1,2,2,1,1,1,1,2,1,1
BUS_640_02_F19,G,Intermediate,O,JF,720,12/13/2019 6:32,2,2,2,2,2,2,2,1,1,1,1,1,1,1,2,2,2,2,2,2,2,2,1,1,1,1,1,1,5,6,6,6,6,6,2,2,2,2,2,2,2,2,1,2,2,3,1,2,1,1,1,1,2,2,1,2
BUS_640_02_F19,G,Intermediate,O,JF,966,12/13/2019 13:03,2,2,2,6,2,6,2,2,2,4,3,2,2,4,4,2,2,3,2,1,2,1,4,2,4,2,1,2,2,4,5,2,4,6,2,1,2,2,1,1,1,2,6,6,5,5,6,4,3,2,1,2,2,2,1,3
ACC_3021_TR2_F19,UG,Intermediate,C,FK,276,12/5/2019 14:36,2,3,3,2,1,2,3,2,2,3,3,2,2,3,3,2,2,3,3,1,3,3,2,3,3,2,3,3,3,1,3,4,2,3,3,2,3,3,1,3,3,2,2,1,3,3,2,3,2,2,3,3,1,1,3,3
ACC_3021_TR2_F19,UG,Intermediate,C,FK,237,12/5/2019 14:36,3,3,3,3,3,3,3,3,3,3,3,3,3,3,3,3,3,3,4,4,4,3,3,3,3,3,3,3,3,3,3,3,3,3,3,3,3,3,3,3,3,3,4,4,3,3,3,3,3,3,3,3,1,1,2,3
ACC_3021_TR2_F19,UG,Intermediate,C,FK,497,12/5/2019 14:38,2,2,2,4,2,3,3,2,3,3,3,3,2,3,3,3,2,2,2,2,2,2,3,3,3,2,3,3,3,3,3,3,3,3,2,3,2,3,3,3,3,3,3,4,3,3,3,3,3,3,3,3,1,,1,1
ACC_3021_TR2_F19,UG,Intermediate,C,FK,441,12/5/2019 14:39,4,4,4,4,4,4,4,4,4,4,4,4,4,4,4,4,4,4,4,4,4,4,4,4,4,4,4,4,4,4,4,4,4,4,1,1,1,1,1,1,1,1,4,4,4,4,4,4,4,4,4,4,1,1,5,2
ACC_3021_TR2_F19,UG,Intermediate,C,FK,564,12/5/2019 14:40,2,2,2,2,2,2,2,2,2,2,2,2,2,2,2,2,2,2,2,2,2,2,3,2,2,2,2,2,5,5,5,5,5,5,2,2,2,2,2,2,2,2,2,2,2,2,2,2,2,2,2,2,2,2,2,2
ACC_3021_TR2_F19,UG,Intermediate,C,FK,473,12/5/2019 14:41,1,1,1,1,1,1,1,3,2,1,1,1,1,1,1,1,1,1,1,1,1,1,1,1,1,1,1,1,3,3,3,3,3,3,2,2,2,2,2,2,2,2,2,2,2,6,1,2,2,1,1,1,2,2,1,1
ACC_3021_TR2_F19,UG,Intermediate,C,FK,559,12/5/2019 14:41,3,4,2,4,3,4,3,3,4,4,4,4,4,5,4,4,4,4,3,3,3,4,4,4,4,4,3,3,3,4,4,4,4,4,3,3,3,4,3,3,3,2,2,3,2,3,3,4,4,4,4,3,1,1,1,1
ACC_3021_TR2_F19,UG,Intermediate,C,FK,725,12/5/2019 14:43,1,3,1,3,2,4,1,2,1,1,1,1,2,1,1,1,4,4,1,1,1,2,2,1,3,2,1,1,1,1,1,1,1,1,1,1,1,2,1,1,1,1,3,2,1,5,3,2,3,2,1,1,1,2,1,1
ACC_3021_TR2_F19,UG,Intermediate,C,FK,811,12/5/2019 14:44,2,2,2,2,2,2,2,2,2,2,2,2,2,2,2,2,2,2,2,2,2,2,2,2,2,2,2,1,2,2,2,2,2,2,1,1,1,1,1,1,1,1,2,2,1,2,2,1,1,1,1,1,1,2,2,2
ACC_3021_TR2_F19,UG,Intermediate,C,FK,580,12/5/2019 14:44,3,2,3,3,2,3,3,3,3,5,2,2,3,6,3,2,2,7,2,2,2,2,3,3,4,4,3,3,4,4,4,4,4,4,2,2,2,2,2,2,2,2,2,2,2,2,2,2,2,3,4,2,1,1,2,1
ACC_3021_TR2_F19,UG,Intermediate,C,FK,933,12/5/2019 14:46,2,2,2,2,2,2,2,3,3,2,2,2,3,3,2,3,3,3,2,2,2,2,3,2,3,2,2,2,2,3,2,2,2,2,2,2,2,2,2,2,2,2,2,2,2,3,2,2,2,2,2,2,2,1,1,2
ACC_3021_TR2_F19,UG,Intermediate,C,FK,824,12/5/2019 14:46,2,3,2,1,2,1,2,1,1,3,3,2,1,3,3,3,2,2,2,3,2,1,2,2,1,2,1,1,5,6,6,6,6,5,1,1,2,2,2,1,2,1,3,3,2,4,3,2,1,1,1,1,1,,2,1
ACC_3021_TR2_F19,UG,Intermediate,C,FK,933,12/5/2019 14:47,2,2,2,3,2,2,2,2,2,1,1,1,2,1,1,1,2,2,2,2,2,2,3,2,2,2,2,2,2,2,1,2,2,2,2,2,2,2,2,3,2,2,3,2,2,2,4,3,2,2,2,2,2,2,2,1
ACC_3021_TR2_F19,UG,Intermediate,C,FK,691,12/5/2019 14:47,3,3,3,3,3,3,3,4,4,4,4,4,4,4,4,4,4,4,4,4,4,4,5,5,5,5,5,5,4,4,4,4,4,4,5,3,4,4,4,4,4,4,3,3,3,4,3,4,4,4,4,4,2,2,2,1
ACC_3021_TR2_F19,UG,Intermediate,C,FK,799,12/5/2019 14:47,3,3,1,3,2,6,2,1,1,1,1,1,1,1,1,1,3,4,3,1,1,2,3,1,1,1,1,1,2,6,1,1,1,1,1,1,1,3,1,1,1,1,2,6,2,6,2,1,2,5,1,1,1,2,2,2
ACC_3021_TR2_F19,UG,Intermediate,C,FK,968,12/5/2019 14:47,1,1,1,1,1,1,1,1,1,1,1,1,1,1,1,1,1,1,1,1,1,1,1,1,1,1,1,1,2,6,6,6,6,6,1,1,1,1,1,1,1,1,6,6,6,6,1,1,1,1,1,1,1,2,2,2
ACC_3021_TR2_F19,UG,Intermediate,C,FK,1062,12/5/2019 14:48,3,3,2,3,3,4,3,3,3,4,5,5,3,4,4,5,3,3,3,4,3,4,2,3,2,2,2,3,3,3,3,3,3,3,2,2,3,3,3,3,3,4,5,2,2,5,2,3,3,3,3,3,2,2,1,1
ACC_3021_TR2_F19,UG,Intermediate,C,FK,1003,12/5/2019 14:50,2,2,2,2,3,3,2,3,3,4,4,5,3,4,3,4,4,5,3,3,3,3,4,3,3,3,3,3,3,3,3,3,3,3,3,3,3,3,3,3,3,3,3,3,3,3,3,3,3,3,3,3,1,2,2,2
ACC_3021_TR2_F19,UG,Intermediate,C,FK,921,12/5/2019 14:50,2,2,2,4,2,2,2,3,3,6,6,4,3,5,5,6,3,4,3,2,2,2,4,4,2,4,2,3,5,5,4,5,4,4,1,1,1,1,1,1,1,1,2,2,2,3,3,2,1,2,1,2,1,2,2,2
ACC_3021_TR2_F19,UG,Intermediate,C,FK,1029,12/5/2019 14:51,3,3,2,4,4,4,4,3,3,4,4,3,1,7,3,4,1,1,1,1,1,1,1,1,4,3,4,1,7,7,7,7,7,7,1,1,4,1,1,3,3,3,4,4,4,4,4,4,4,1,1,1,1,2,2,2
ACC_3021_TR2_F19,UG,Intermediate,C,FK,1153,12/5/2019 14:51,2,2,3,4,3,4,2,4,3,4,3,3,2,4,4,3,5,3,3,1,1,2,4,2,3,2,3,2,6,5,4,5,6,3,4,3,3,3,3,3,2,2,3,1,1,5,2,1,2,3,3,3,2,1,2,2
ACC_3021_TR2_F19,UG,Intermediate,C,FK,1013,12/5/2019 14:52,2,3,2,1,3,3,2,5,4,6,6,6,6,6,6,5,3,2,2,3,3,3,3,2,2,2,6,6,2,2,3,2,2,2,1,1,1,1,1,1,2,2,1,1,1,6,2,1,1,2,1,1,2,1,2,1
ACC_3021_TR2_F19,UG,Intermediate,C,FK,1269,12/5/2019 14:54,2,2,2,1,2,2,2,2,2,2,3,2,2,4,4,2,2,2,2,1,1,2,2,2,2,2,1,1,4,2,5,5,5,6,2,2,1,1,2,2,2,2,2,2,4,2,2,2,2,2,2,1,1,1,1,2
ACC_3021_TR2_F19,UG,Intermediate,C,FK,538,12/5/2019 17:38,4,2,3,6,2,5,5,3,3,5,3,3,5,5,5,5,3,5,3,5,4,4,4,3,3,3,4,3,2,2,2,2,2,3,2,3,3,2,3,3,3,3,3,3,3,3,3,3,3,5,3,2,1,1,1,1
ACC_3021_TR2_F19,UG,Intermediate,C,FK,1072,12/5/2019 18:24,2,2,2,2,2,3,2,2,2,4,3,3,2,2,2,3,3,2,2,2,2,2,2,2,2,2,2,2,3,3,3,3,5,3,2,2,2,2,2,2,2,2,4,2,2,5,2,2,2,2,2,2,2,,2,2
ACC_3021_TR2_F19,UG,Intermediate,C,FK,897,12/6/2019 10:13,2,2,2,4,2,2,2,2,1,2,2,2,1,1,1,1,1,2,1,1,1,1,1,1,1,1,1,1,5,2,2,2,2,1,1,1,1,1,1,1,1,1,1,1,2,1,1,1,1,1,1,1,1,2,2,1
ACC_3021_TR2_F19,UG,Intermediate,C,FK,1152,12/7/2019 16:18,2,1,1,1,1,3,1,1,1,2,1,1,1,1,1,1,1,2,1,1,1,1,1,1,1,1,1,1,7,7,1,7,7,7,1,2,1,1,1,1,1,1,1,2,1,5,1,2,1,1,1,1,2,2,2,4
ACC_3021_TR2_F19,UG,Intermediate,C,FK,1246,12/10/2019 13:19,3,4,4,2,3,3,3,3,4,3,4,5,3,5,4,4,3,3,3,4,4,4,5,4,3,3,3,3,3,3,4,3,4,3,2,3,3,4,2,3,5,3,6,3,2,3,3,3,2,2,3,3,2,2,5,4
ACC_3021_TR2_F19,UG,Intermediate,C,FK,518,12/11/2019 11:53,3,3,2,2,3,3,2,2,2,4,4,4,2,3,2,3,2,3,2,3,2,2,2,2,3,2,3,3,2,2,4,3,3,2,3,2,3,4,2,2,3,3,3,3,2,3,3,2,2,3,2,2,2,1,2,1
ACC_3021_TR2_F19,UG,Intermediate,C,FK,450,12/12/2019 1:50,4,4,4,4,4,4,4,4,4,4,4,4,4,4,4,4,4,4,4,4,4,4,4,4,4,4,4,4,4,4,4,4,4,4,4,4,4,4,4,4,4,4,4,4,4,4,4,4,4,4,4,4,1,,3,3
ACC_3021_TR2_F19,UG,Intermediate,C,FK,559,12/14/2019 17:11,1,1,1,1,1,1,1,1,1,3,1,1,1,1,2,1,1,1,1,1,1,1,1,1,1,1,1,1,2,2,2,2,2,2,1,1,1,1,1,1,1,1,5,2,1,6,1,1,1,1,1,1,2,1,1,1
ACCT 1011_HD10_F19,UG,Beginning,C,JF,1372,12/11/2019 16:38,2,3,1,1,1,2,3,2,1,5,3,2,2,2,2,3,1,1,1,1,1,2,1,1,2,2,1,2,3,4,4,3,2,2,1,1,1,1,1,1,1,1,1,2,2,4,1,1,2,1,2,1,1,2,1,2
ACCT 1011_HD10_F19,UG,Beginning,C,JF,364,12/11/2019 16:39,1,1,1,3,1,1,1,1,1,1,1,1,1,1,1,1,2,1,1,2,1,1,2,2,1,1,1,2,1,1,1,1,1,1,1,1,1,1,1,1,1,1,3,1,1,7,2,1,1,2,1,1,1,1,1,1
ACCT 1011_HD10_F19,UG,Beginning,C,JF,464,12/11/2019 16:39,2,1,2,1,2,3,2,2,2,3,3,2,2,2,2,3,2,2,2,2,2,2,3,2,1,2,2,2,2,2,2,2,2,2,1,1,2,2,1,1,2,3,2,2,2,3,1,2,1,1,2,2,1,2,2,2
ACCT 1011_HD10_F19,UG,Beginning,C,JF,450,12/11/2019 16:40,2,2,2,1,2,1,2,2,2,1,1,1,2,2,2,1,2,2,1,1,2,2,2,2,2,2,2,2,1,1,1,1,1,3,2,1,1,2,2,2,2,2,2,1,2,7,1,2,2,2,2,2,1,1,2,2
ACCT 1011_HD10_F19,UG,Beginning,C,JF,542,12/11/2019 16:41,2,2,2,2,2,2,2,2,2,4,4,4,2,4,4,5,2,2,2,2,2,2,2,2,2,2,2,2,2,6,6,6,4,6,4,2,2,2,2,2,2,2,5,2,3,4,3,2,2,2,2,2,2,2,2,2
ACCT 1011_HD10_F19,UG,Beginning,C,JF,325,12/11/2019 16:42,1,1,1,1,1,1,1,3,2,3,3,4,3,4,4,4,1,1,1,1,1,1,1,1,1,1,1,1,2,2,4,4,4,4,3,2,2,2,1,1,2,2,3,3,3,2,2,3,3,1,1,1,2,2,5,2
ACCT 1011_HD10_F19,UG,Beginning,C,JF,488,12/11/2019 16:42,1,1,1,2,1,3,1,1,1,3,3,2,1,1,1,1,1,1,1,1,1,1,1,1,1,1,1,1,2,2,1,2,1,4,2,1,1,2,1,1,1,1,4,3,2,7,2,1,1,1,1,1,1,1,1,1
ACCT 1011_HD10_F19,UG,Beginning,C,JF,496,12/11/2019 16:42,1,1,2,2,2,2,2,3,3,1,1,2,2,2,2,2,2,2,2,2,2,2,2,2,2,2,2,2,2,2,6,4,6,6,2,2,2,1,2,2,3,3,2,3,2,2,2,2,3,2,2,2,1,2,1,2
ACCT 1011_HD10_F19,UG,Beginning,C,JF,622,12/11/2019 16:42,2,2,2,2,2,3,2,3,2,2,2,2,2,2,3,2,2,3,3,3,3,2,2,3,2,2,2,3,2,3,4,4,4,3,2,2,2,2,2,2,2,2,3,2,2,2,2,2,2,2,3,2,1,1,3,2
ACCT 1011_HD10_F19,UG,Beginning,C,JF,552,12/11/2019 16:42,3,2,2,2,2,2,2,2,2,2,2,2,2,2,2,2,2,2,2,2,2,2,2,2,2,2,2,2,3,3,2,3,6,5,2,2,2,2,2,2,2,2,3,3,3,6,2,2,3,2,2,2,2,1,1,1
ACCT 1011_HD10_F19,UG,Beginning,C,JF,646,12/11/2019 16:42,2,2,2,2,2,2,2,2,2,2,2,2,2,2,2,2,2,2,2,2,2,2,2,2,2,2,2,2,2,3,4,4,3,3,2,2,2,2,2,2,2,2,2,2,2,2,2,2,2,2,2,2,2,1,1,2
ACCT 1011_HD10_F19,UG,Beginning,C,JF,538,12/11/2019 16:43,3,2,4,4,4,4,4,4,4,4,4,4,4,4,4,4,4,6,2,2,2,2,4,4,2,4,4,4,1,2,1,1,1,1,2,2,4,4,2,2,2,4,4,4,4,4,4,4,4,4,4,4,2,1,1,1
ACCT 1011_HD10_F19,UG,Beginning,C,JF,378,12/11/2019 16:43,3,2,2,2,2,3,2,3,3,2,2,1,2,2,4,3,2,2,2,2,2,2,2,2,3,3,3,2,2,2,4,3,2,1,3,3,2,2,2,2,2,2,2,2,2,2,2,2,2,2,2,2,2,2,2,2
ACCT 1011_HD10_F19,UG,Beginning,C,JF,633,12/11/2019 16:43,2,1,3,2,1,4,1,2,2,6,2,3,2,3,2,3,2,2,2,2,2,2,2,2,2,2,2,2,2,6,6,6,6,6,1,1,2,2,2,2,2,2,4,2,2,2,3,3,2,2,2,1,1,2,1,4
ACCT 1011_HD10_F19,UG,Beginning,C,JF,758,12/11/2019 16:44,1,1,1,1,1,1,1,1,1,1,1,1,1,1,1,1,1,1,1,1,1,1,2,2,2,2,2,2,1,1,1,1,1,1,1,1,1,1,1,1,1,1,1,1,1,3,2,2,2,1,1,1,1,1,1,1
ACCT 1011_HD10_F19,UG,Beginning,C,JF,574,12/11/2019 16:44,3,3,1,1,1,5,1,3,4,4,3,5,4,3,4,4,4,4,3,3,3,3,4,3,2,4,4,3,4,4,4,4,4,4,1,1,1,1,1,1,1,1,1,5,4,5,3,3,3,3,3,3,1,2,1,1
ACCT 1011_HD10_F19,UG,Beginning,C,JF,707,12/11/2019 16:45,1,1,2,1,1,2,2,1,1,2,2,2,1,2,3,2,1,2,1,1,1,2,2,1,1,1,1,1,2,1,1,2,2,2,1,1,1,2,1,1,1,1,2,2,1,2,1,1,1,1,1,1,2,1,5,4
ACCT 1011_HD10_F19,UG,Beginning,C,JF,707,12/11/2019 16:46,3,2,2,3,3,2,3,2,3,4,3,3,2,5,2,4,2,2,2,2,3,1,3,2,2,3,2,3,2,3,3,3,2,3,2,2,2,2,2,2,2,3,3,2,3,6,2,2,2,2,2,2,2,2,1,2
ACCT 1011_HD10_F19,UG,Beginning,C,JF,826,12/11/2019 16:46,4,7,7,4,1,4,3,2,2,2,2,2,3,3,4,3,3,5,2,3,5,3,2,1,2,2,4,1,2,4,4,3,2,2,1,2,3,3,3,1,1,3,1,1,2,6,3,3,3,2,3,4,2,1,1,1
ACCT 1011_HD10_F19,UG,Beginning,C,JF,853,12/11/2019 16:46,2,2,2,2,2,2,2,2,2,3,3,3,2,2,2,3,2,2,2,2,2,2,2,2,2,2,2,2,2,4,4,4,4,4,2,2,2,2,2,2,4,2,3,2,2,6,2,2,2,2,2,2,2,2,5,2
ACCT 1011_HD10_F19,UG,Beginning,C,JF,896,12/11/2019 16:48,3,3,3,3,2,2,3,3,3,3,3,3,3,3,3,3,4,3,3,2,3,3,2,3,2,2,3,3,1,2,3,2,1,5,2,3,3,2,2,2,2,4,3,3,3,5,3,3,3,3,3,3,1,2,1,2
ACCT 1011_HD10_F19,UG,Beginning,C,JF,972,12/11/2019 16:49,4,3,2,2,3,4,4,2,2,1,1,1,2,3,1,1,3,2,3,2,3,2,2,1,1,1,1,3,1,1,1,1,1,3,1,1,2,2,1,1,2,1,5,5,4,7,2,2,1,2,2,1,1,,1,1
ACCT 1011_HD10_F19,UG,Beginning,C,JF,946,12/11/2019 16:51,3,2,3,3,4,4,4,2,3,3,2,2,3,2,2,3,4,4,3,4,5,4,3,2,2,2,3,4,4,4,5,2,4,2,2,2,2,2,2,4,2,2,2,3,3,2,2,3,4,2,3,4,1,1,2,1
ACCT 1011_HD10_F19,UG,Beginning,C,JF,839,12/11/2019 21:12,2,2,3,2,2,3,2,2,6,4,4,4,2,4,4,4,3,2,2,2,2,2,2,2,2,2,2,2,6,6,6,6,6,6,3,3,3,2,3,2,2,2,3,3,3,4,2,2,2,2,2,2,2,2,3,1
ACCT 1011_HD10_F19,UG,Beginning,C,JF,758,12/11/2019 21:23,2,1,2,3,2,4,2,2,2,5,3,2,2,4,4,2,2,2,2,2,2,2,2,2,2,2,2,2,2,2,2,2,2,2,2,2,2,2,2,2,2,2,2,2,2,2,2,2,2,2,2,2,1,1,2,2
ACCT 1011_HD10_F19,UG,Beginning,C,JF,1018,12/12/2019 0:29,3,4,3,4,4,3,3,2,2,1,1,1,2,1,3,2,2,3,4,3,3,3,2,2,3,2,2,3,3,3,4,3,4,4,3,3,4,4,2,2,4,3,3,4,3,4,3,4,2,2,3,2,1,1,1,1
ACCT 1011_HD10_F19,UG,Beginning,C,JF,1240,12/14/2019 11:17,2,2,2,1,2,2,2,2,2,2,2,2,2,2,2,2,2,2,2,2,2,2,2,2,2,2,2,2,2,2,2,2,2,2,2,2,2,2,2,2,2,2,2,2,2,2,2,2,2,2,2,2,2,2,1,1
ACCT 1011_HD10_F19,UG,Beginning,C,JF,13956,12/15/2019 14:34,2,1,2,3,3,6,3,4,2,4,4,3,2,4,5,4,2,4,4,2,3,5,3,4,3,2,2,1,2,3,4,4,3,4,2,5,4,2,2,2,3,3,2,3,4,6,3,2,3,2,1,2,1,2,1,1
ACCT 1011_HD10_F19,UG,Beginning,C,JF,340,12/15/2019 19:34,1,1,1,1,1,1,1,1,1,1,1,1,1,1,1,1,1,1,1,1,1,1,1,1,1,1,1,1,1,1,1,1,1,1,1,1,1,1,1,1,1,1,1,1,1,1,1,1,1,1,1,1,1,1,2,2
ACCT 1011_HD4_F19,UG,Beginning,C,RR,389,12/10/2019 11:34,2,2,2,2,2,2,2,2,2,2,2,2,2,1,2,2,2,3,2,2,3,3,2,2,2,2,2,2,2,2,2,2,2,2,2,2,2,1,2,2,1,2,3,3,3,3,3,2,2,1,2,2,1,1,1,2
ACCT 1011_HD4_F19,UG,Beginning,C,RR,556,12/10/2019 17:30,3,4,2,1,2,2,3,3,3,3,4,4,3,4,3,4,3,3,4,3,3,3,4,5,2,4,4,4,3,2,2,2,2,2,3,3,3,3,3,3,3,3,6,3,5,4,3,3,4,3,3,3,1,1,1,2
ACCT 1011_HD4_F19,UG,Beginning,C,RR,329,12/11/2019 2:17,5,5,5,5,5,5,5,6,5,6,6,6,6,6,6,6,6,6,6,6,6,6,4,4,4,4,4,4,4,4,4,4,4,4,4,4,4,4,4,4,4,4,4,4,4,4,4,4,4,4,4,4,2,2,1,1
ACCT 1011_HD4_F19,UG,Beginning,C,RR,237,12/11/2019 10:13,4,4,4,4,4,4,4,4,4,4,4,4,4,4,4,4,4,4,4,4,4,4,4,4,4,4,4,4,4,4,4,4,4,4,4,4,4,4,4,4,4,4,4,4,4,4,4,4,4,4,4,4,1,2,5,4
ACCT 1011_HD4_F19,UG,Beginning,C,RR,859,12/11/2019 10:56,3,3,4,4,2,3,4,4,2,3,1,2,2,2,2,1,4,5,2,3,2,2,4,2,2,2,4,3,2,4,2,4,5,2,2,2,4,1,1,1,2,2,2,2,2,6,2,3,3,4,2,2,2,2,1,4
ACCT 1011_HD4_F19,UG,Beginning,C,RR,342,12/11/2019 11:00,3,3,7,2,3,2,3,3,3,7,6,5,3,6,6,7,5,5,3,3,5,5,2,5,2,3,3,6,3,3,2,3,3,3,2,2,3,3,2,5,3,5,4,3,6,3,5,3,3,3,2,4,1,,1,1
ACCT 1011_HD4_F19,UG,Beginning,C,RR,417,12/11/2019 11:02,4,5,2,2,2,2,2,3,2,2,1,3,2,4,3,2,4,1,2,3,6,3,3,3,3,2,3,2,1,3,4,2,3,3,1,3,4,2,3,3,5,3,2,2,2,3,3,3,4,2,2,3,1,1,2,2
ACCT 1011_HD4_F19,UG,Beginning,C,RR,555,12/11/2019 11:05,3,3,2,5,2,5,5,5,6,7,7,7,5,5,5,5,4,5,4,3,3,4,5,5,4,3,3,4,3,4,7,5,4,3,4,4,4,4,4,4,4,4,4,4,4,4,4,5,4,4,4,4,2,2,2,3
ACCT 1011_HD4_F19,UG,Beginning,C,RR,405,12/11/2019 11:09,2,2,2,4,5,3,6,3,3,2,3,3,2,2,2,2,2,2,2,2,2,2,2,2,2,2,2,2,4,2,2,2,2,2,2,2,2,2,2,2,2,2,4,4,3,4,4,4,4,2,2,2,2,2,5,4
ACCT 1011_HD4_F19,UG,Beginning,C,RR,2490,12/11/2019 12:42,2,2,2,3,2,4,2,1,1,1,2,1,1,1,1,1,1,4,2,5,4,1,4,3,2,2,5,4,2,4,4,4,4,4,2,2,2,1,1,1,1,1,1,1,1,1,1,1,1,1,1,1,2,2,5,4
ACCT 1011_HD4_F19,UG,Beginning,C,RR,143,12/11/2019 14:49,2,2,2,2,2,2,2,2,2,2,2,2,2,2,2,2,2,2,2,2,2,2,2,2,2,2,2,2,2,2,2,2,2,2,2,2,2,2,2,2,2,2,2,2,2,2,2,2,2,2,2,2,1,1,2,2
ACCT 1011_HD4_F19,UG,Beginning,C,RR,10941,12/13/2019 1:00,2,2,2,2,2,2,2,1,1,2,2,2,2,2,2,2,2,2,2,2,2,2,2,2,2,2,2,2,4,4,4,4,4,4,2,2,2,2,2,2,2,2,3,3,3,3,3,3,1,2,2,2,1,2,2,2
ACCT 1011_HD4_F19,UG,Beginning,C,RR,803,12/16/2019 17:45,2,2,3,2,2,2,2,2,2,3,3,2,6,3,3,3,3,2,1,2,2,2,3,2,2,2,2,2,2,5,4,4,4,5,2,1,2,1,2,2,2,2,4,2,3,5,2,2,1,2,1,2,1,2,2,2
ACCT 1011_HD4_F19,UG,Beginning,C,RR,314,12/16/2019 19:06,2,2,2,2,2,2,2,3,2,2,3,2,3,2,2,2,2,2,2,3,2,3,2,2,3,2,2,2,2,2,2,2,3,2,2,2,2,3,2,2,3,2,2,2,2,2,2,2,2,2,2,2,1,1,1,1
ACCT 1011_HD4_F19,UG,Beginning,C,RR,129,12/17/2019 17:47,4,4,4,4,4,4,4,4,4,4,4,4,4,4,4,4,4,4,4,4,4,4,4,4,4,4,4,4,4,4,4,4,4,4,4,4,4,4,4,4,4,4,4,4,4,4,4,4,4,4,5,4,1,2,1,1
ACCT 1011_HD4_F19,UG,Beginning,C,RR,229,12/18/2019 7:00,2,2,2,2,2,2,2,2,2,2,2,2,2,2,2,2,2,2,2,2,2,2,2,2,2,2,2,2,2,2,2,2,2,2,2,2,2,2,2,2,2,2,2,2,2,2,2,2,2,2,2,2,1,1,2,3
ACCT 1011_HD4_F19,UG,Beginning,C,RR,194,12/18/2019 8:43,3,3,3,3,3,3,3,3,3,3,3,3,3,3,3,3,3,3,3,3,3,3,4,3,3,5,3,3,3,3,2,3,3,3,3,3,4,3,4,3,3,4,3,3,4,4,2,3,4,3,2,3,1,1,1,1
ACCT 1201_F19,UG,Beginning,C,RR,1124,12/10/2019 14:26,2,2,2,2,2,2,2,2,2,3,3,4,3,4,3,4,2,2,2,2,2,2,1,2,2,2,1,2,3,4,4,4,4,4,2,2,2,2,2,1,2,1,2,2,2,4,4,3,2,2,2,2,1,2,1,3
ACCT 1201_F19,UG,Beginning,C,RR,210,12/10/2019 15:51,1,2,1,2,1,2,1,2,1,2,1,2,1,2,1,2,3,3,3,3,3,3,3,3,3,3,3,3,3,3,3,3,3,3,4,4,4,4,4,4,4,4,4,4,4,4,4,4,4,4,4,4,1,1,2,2
ACCT 1201_F19,UG,Beginning,C,RR,160,12/11/2019 12:30,1,1,1,1,1,1,1,1,1,1,1,1,1,1,1,1,1,1,1,1,1,1,1,2,1,1,2,2,2,1,1,2,2,2,2,2,2,2,2,2,2,2,1,1,1,1,1,1,2,2,2,2,1,1,1,1
ACCT 1201_F19,UG,Beginning,C,RR,268,12/11/2019 12:32,1,1,1,1,1,1,1,1,1,1,1,1,1,1,1,1,1,1,1,1,1,1,1,1,1,1,1,1,1,1,1,1,1,1,1,1,1,1,1,1,1,1,1,1,1,1,1,1,1,1,1,1,1,2,5,4
ACCT 1201_F19,UG,Beginning,C,RR,350,12/11/2019 12:33,1,1,1,2,1,1,3,1,1,1,1,1,2,1,1,1,2,2,2,2,2,2,2,2,1,2,3,2,1,1,1,1,1,1,1,1,1,1,1,1,1,1,4,4,2,2,2,2,2,3,1,1,2,2,5,4
ACCT 1201_F19,UG,Beginning,C,RR,343,12/11/2019 12:33,1,1,1,1,1,1,1,1,1,2,3,3,1,2,3,2,1,1,1,1,1,1,1,1,1,1,1,1,1,2,2,2,3,2,1,1,1,1,1,1,1,3,2,2,2,2,2,2,2,2,2,1,2,2,5,2
ACCT 1201_F19,UG,Beginning,C,RR,448,12/11/2019 12:34,4,3,2,4,4,4,4,3,3,3,3,3,3,3,3,3,3,4,3,2,3,3,4,4,3,3,3,3,1,1,2,2,3,3,2,2,2,2,2,2,2,2,2,2,4,4,4,4,3,3,3,4,1,,2,2
ACCT 1201_F19,UG,Beginning,C,RR,414,12/11/2019 12:34,3,2,2,1,1,2,2,2,2,3,2,2,2,1,2,2,2,2,2,2,2,1,2,2,2,1,1,2,3,4,5,5,6,6,2,1,2,2,2,1,2,2,3,1,2,5,1,2,2,2,1,2,2,2,2,4
ACCT 1201_F19,UG,Beginning,C,RR,417,12/11/2019 12:34,2,2,2,2,2,2,2,1,1,2,2,3,2,3,3,3,3,3,3,3,3,3,2,2,3,2,2,2,3,4,4,3,3,4,3,3,3,4,3,3,3,3,5,5,2,4,3,3,3,2,2,2,1,2,1,1
ACCT 1201_F19,UG,Beginning,C,RR,440,12/11/2019 12:34,1,1,1,1,1,1,1,1,1,1,2,1,1,1,1,1,1,1,1,2,2,2,1,1,1,1,2,2,2,2,2,2,2,2,2,2,2,2,2,3,2,2,2,2,2,2,2,2,2,1,1,1,2,2,3,2
ACCT 1201_F19,UG,Beginning,C,RR,534,12/11/2019 12:35,2,2,2,2,2,2,2,3,3,4,4,4,3,3,4,4,3,4,3,3,3,3,3,2,4,1,2,2,3,4,4,4,4,4,1,2,2,2,2,2,2,1,2,2,4,4,4,3,3,3,2,2,1,1,1,1
ACCT 1201_F19,UG,Beginning,C,RR,528,12/11/2019 12:35,1,2,1,1,1,1,1,1,1,1,1,1,1,1,1,1,1,3,3,2,1,1,1,1,1,1,1,1,1,1,1,1,1,1,1,1,1,1,1,1,1,1,3,1,1,3,3,3,1,1,1,1,2,2,2,2
ACCT 1201_F19,UG,Beginning,C,RR,472,12/11/2019 12:36,1,1,1,1,1,1,1,1,1,1,1,1,1,1,1,1,1,1,1,1,1,1,1,1,1,1,1,1,1,1,1,1,1,1,1,1,1,1,1,1,1,1,1,1,1,3,1,1,1,1,1,1,1,2,5,2
ACCT 1201_F19,UG,Beginning,C,RR,520,12/11/2019 12:36,2,1,1,2,2,2,2,1,1,3,3,3,1,1,1,2,1,3,2,2,2,3,2,2,1,1,1,2,1,2,2,2,2,2,1,1,3,2,3,1,2,1,2,1,3,3,2,1,1,1,2,1,2,1,1,1
ACCT 1201_F19,UG,Beginning,C,RR,559,12/11/2019 12:36,3,2,3,3,3,3,3,3,3,4,4,6,3,5,4,4,3,3,3,3,3,3,2,2,2,4,3,3,3,3,3,3,3,3,3,1,3,3,3,3,3,3,3,3,3,3,3,3,3,3,3,3,1,,2,3
ACCT 1201_F19,UG,Beginning,C,RR,419,12/11/2019 12:36,2,2,2,2,2,2,2,2,2,2,2,2,2,2,2,2,2,2,2,2,2,2,2,2,2,2,2,2,3,4,4,3,5,5,2,2,2,2,4,2,4,2,1,2,1,3,2,4,2,3,1,2,1,1,5,1
ACCT 1201_F19,UG,Beginning,C,RR,594,12/11/2019 12:37,3,2,2,2,2,2,2,2,2,2,2,2,2,3,2,3,3,3,2,2,2,3,3,3,2,3,2,2,2,4,2,2,3,3,2,2,3,2,3,3,3,2,3,4,3,3,3,3,4,2,3,4,2,1,2,3
ACCT 1201_F19,UG,Beginning,C,RR,510,12/11/2019 12:37,2,2,2,3,3,3,3,3,3,2,2,2,2,1,2,2,3,4,3,3,3,3,3,3,3,3,3,3,4,4,4,4,4,4,3,3,3,3,3,3,3,3,3,3,3,3,4,4,4,3,4,4,2,2,2,2
ACCT 1201_F19,UG,Beginning,C,RR,571,12/11/2019 12:37,3,3,4,2,3,1,2,2,2,3,3,3,3,3,5,3,2,4,3,4,3,3,3,3,2,2,4,3,1,2,2,2,2,3,3,3,3,3,4,3,2,3,3,2,3,2,3,2,4,2,2,2,1,2,1,2
ACCT 1201_F19,UG,Beginning,C,RR,768,12/11/2019 12:41,1,1,1,2,2,3,3,1,1,1,1,1,1,1,1,1,1,1,1,1,1,1,1,1,1,1,1,1,2,2,2,2,2,2,1,1,1,1,4,1,1,1,1,3,3,7,3,3,1,1,1,1,1,1,2,4
ACCT 1201_F19,UG,Beginning,C,RR,759,12/11/2019 12:41,1,1,1,1,1,1,1,1,1,1,1,1,1,1,1,1,1,1,1,1,1,1,1,1,1,1,1,1,1,1,2,2,1,2,1,1,1,1,1,1,1,1,1,1,1,1,1,1,1,1,1,1,2,1,2,3
ACCT 1201_F19,UG,Beginning,C,RR,990,12/11/2019 12:44,7,7,7,7,7,7,7,7,7,7,7,7,7,7,7,7,7,7,7,7,7,7,7,7,7,7,7,7,7,7,7,7,4,4,7,7,7,7,7,7,7,7,7,7,7,7,7,7,7,7,7,7,1,,1,1
ACCT 1201_F19,UG,Beginning,C,RR,1391,12/11/2019 12:51,3,2,2,3,3,3,4,4,4,6,4,4,3,4,3,3,4,3,3,3,3,2,2,2,3,2,2,2,4,4,4,4,4,4,4,4,4,4,4,4,4,4,3,3,2,6,3,2,2,2,3,3,1,1,1,1
ACCT 1201_F19,UG,Beginning,C,RR,44860,12/19/2019 0:57,1,1,1,1,1,4,1,1,1,7,7,1,1,1,1,1,1,3,1,1,1,1,1,1,3,1,7,1,1,7,7,7,7,7,1,1,3,1,1,1,1,1,,,,,,,,,,,,,,
BUS_640.01_Sp20,G,Intermediate,O,JF,755,5/9/2020 14:02,2,3,2,2,1,4,2,2,1,4,4,2,2,1,1,2,2,2,1,3,3,2,2,2,2,2,3,2,3,5,3,5,5,5,2,2,3,2,2,2,3,2,2,3,3,2,2,2,4,2,2,2,2,2,3,3
BUS_640.01_Sp20,G,Intermediate,O,JF,743,5/9/2020 14:03,3,3,3,2,4,3,3,3,3,4,4,4,2,4,4,4,3,3,3,3,4,4,3,3,2,3,3,2,3,4,4,4,4,4,3,3,3,2,2,2,3,3,4,4,4,4,2,2,4,3,3,3,2,2,2,2
BUS_640.01_Sp20,G,Intermediate,O,JF,839,5/9/2020 14:05,2,2,2,2,2,2,2,2,2,2,2,2,2,3,3,4,3,3,3,2,2,2,3,3,3,4,3,4,6,6,6,6,6,6,2,2,2,1,2,2,2,2,2,2,2,3,3,4,4,3,3,3,2,,2,4
BUS_640.01_Sp20,G,Intermediate,O,JF,1152,5/9/2020 14:08,2,2,1,2,2,1,1,2,2,3,2,2,2,2,3,2,2,3,2,2,2,2,2,2,3,2,2,2,2,4,4,4,4,2,1,2,3,2,2,2,2,2,4,4,4,4,3,4,4,2,2,3,2,1,2,2
BUS_640.01_Sp20,G,Intermediate,O,JF,365,5/9/2020 14:29,1,1,1,1,1,1,1,1,1,4,4,3,1,1,1,1,1,1,1,1,1,1,1,1,1,1,1,1,2,2,2,2,2,2,1,1,1,1,1,1,1,1,1,3,1,7,1,1,3,1,1,1,1,2,1,1
BUS_640.01_Sp20,G,Intermediate,O,JF,1014,5/9/2020 15:49,1,1,1,1,1,1,1,1,1,2,2,2,1,2,4,2,1,1,1,1,2,1,1,1,2,1,1,1,2,2,2,2,2,2,1,1,1,1,1,1,1,1,2,2,2,3,1,1,1,1,1,1,2,2,2,2
BUS_640.01_Sp20,G,Intermediate,O,JF,2196,5/9/2020 17:07,2,2,2,3,2,3,2,2,2,5,3,3,2,3,5,5,2,2,2,2,2,2,2,2,2,2,2,2,5,4,5,4,5,5,2,2,2,2,2,2,2,2,2,5,2,5,2,2,2,2,2,2,2,2,1,2
BUS_640.01_Sp20,G,Intermediate,O,JF,755,5/9/2020 17:14,1,1,1,1,1,1,1,3,1,3,3,2,1,1,2,3,1,1,1,1,1,1,1,1,1,1,1,1,4,4,3,2,6,3,2,2,1,5,3,2,2,1,2,4,2,3,2,1,4,1,1,1,2,2,5,1
BUS_640.01_Sp20,G,Intermediate,O,JF,824,5/9/2020 17:22,1,1,2,4,1,6,1,2,1,4,3,2,1,2,3,2,4,3,2,3,3,1,3,2,3,2,1,1,3,2,2,2,2,3,1,1,3,4,2,2,2,2,2,2,2,1,1,4,4,1,1,2,1,2,2,3
BUS_640.01_Sp20,G,Intermediate,O,JF,611,5/9/2020 21:35,2,2,2,2,2,2,2,2,2,4,4,4,2,3,3,3,2,2,2,2,2,2,2,2,2,2,2,2,3,3,3,3,3,3,2,2,2,2,2,2,2,2,2,2,2,2,2,2,2,2,2,2,2,2,2,1
BUS_640.01_Sp20,G,Intermediate,O,JF,535,5/9/2020 22:19,1,1,1,1,1,1,1,1,1,2,2,2,1,2,2,2,1,1,1,1,1,1,1,1,1,1,1,1,1,2,2,2,2,2,2,2,3,4,2,2,2,2,4,4,4,4,4,4,2,1,1,1,2,2,2,2
BUS_640.01_Sp20,G,Intermediate,O,JF,815,5/10/2020 9:10,1,1,1,2,1,1,1,1,1,1,1,1,1,1,1,1,1,1,1,1,1,1,1,1,1,1,1,1,1,1,1,1,1,1,1,1,1,1,1,1,1,1,5,5,1,7,1,1,4,1,1,1,2,1,1,2
BUS_640.01_Sp20,G,Intermediate,O,JF,809,5/10/2020 16:55,1,1,2,2,1,2,1,1,1,2,2,2,1,2,1,1,1,2,1,1,1,1,1,1,1,1,1,1,3,2,2,2,4,3,1,1,1,1,1,1,1,1,2,4,3,3,1,1,4,1,1,1,2,1,2,2
BUS_640.01_Sp20,G,Intermediate,O,JF,487,5/11/2020 9:33,1,1,1,1,1,1,1,1,1,3,3,3,1,1,1,1,1,1,1,1,1,1,1,1,1,1,1,1,2,2,2,2,2,2,1,1,1,2,1,1,1,1,2,2,2,7,1,1,1,1,1,1,2,2,2,2
BUS_640.01_Sp20,G,Intermediate,O,JF,1102,5/11/2020 11:06,2,2,2,2,2,2,2,2,1,3,3,2,1,2,3,2,2,2,2,3,2,2,2,2,2,1,2,2,3,4,4,4,4,3,2,2,2,2,2,2,3,2,4,3,3,3,4,3,3,2,2,2,1,2,5,2
BUS_640.01_Sp20,G,Intermediate,O,JF,866,5/11/2020 11:35,1,1,1,1,1,2,1,1,1,2,2,2,1,1,1,1,1,1,1,1,1,2,1,1,2,2,2,2,2,2,2,2,1,1,1,1,1,2,1,1,1,2,2,1,2,1,2,2,2,1,1,1,2,2,5,1
BUS_640.01_Sp20,G,Intermediate,O,JF,1317,5/11/2020 12:32,1,1,1,2,1,2,1,2,1,2,2,2,1,1,1,2,2,2,1,1,1,1,1,1,1,1,1,1,2,4,4,4,4,4,1,2,2,2,2,1,2,1,2,2,2,3,2,2,1,1,1,1,2,1,2,2
BUS_640.01_Sp20,G,Intermediate,O,JF,251,5/11/2020 14:17,1,1,1,1,1,1,1,1,1,1,1,1,1,1,1,1,1,1,1,1,1,1,1,1,1,1,1,1,2,3,3,3,3,3,2,2,2,3,3,3,3,3,1,2,3,3,3,3,3,2,2,2,2,2,1,1
BUS_640.01_Sp20,G,Intermediate,O,JF,966,5/11/2020 20:46,2,2,3,6,2,6,2,3,2,5,5,5,1,4,4,4,3,2,2,3,3,1,3,3,1,2,3,2,4,4,4,4,4,4,2,2,6,2,2,4,2,2,6,6,6,6,6,6,6,2,2,2,1,2,5,3
BUS_640.01_Sp20,G,Intermediate,O,JF,243809,5/12/2020 11:19,2,2,1,1,1,2,1,1,1,1,1,1,1,1,1,1,1,1,2,1,1,1,1,1,1,1,1,1,3,2,3,2,2,2,1,1,1,1,1,1,1,1,2,2,1,2,1,2,2,1,1,1,2,2,2,2
BUS_640.01_Sp20,G,Intermediate,O,JF,729,5/12/2020 12:47,2,2,2,2,1,1,1,2,2,4,5,3,1,3,2,2,2,2,1,1,1,1,1,2,2,2,1,1,3,4,6,6,6,4,2,3,1,3,2,2,2,3,3,3,2,3,4,3,2,1,1,1,2,2,1,1
BUS_640.01_Sp20,G,Intermediate,O,JF,402,5/13/2020 18:23,2,2,2,5,3,3,3,3,2,6,4,3,2,4,3,4,5,4,2,3,3,2,2,3,2,2,3,4,2,4,4,4,4,3,2,2,2,2,2,2,2,2,4,5,2,5,3,4,2,2,2,3,2,2,1,2
BUS_640.01_Sp20,G,Intermediate,O,JF,578,5/14/2020 6:32,1,1,1,1,1,1,1,1,1,4,1,1,1,4,1,1,1,1,1,1,1,1,1,1,1,1,1,1,2,2,2,2,2,2,1,1,1,1,1,1,1,1,5,5,1,5,1,1,1,1,1,1,2,1,1,2
BUS_640.01_Sp20,G,Intermediate,O,JF,383,5/14/2020 18:58,1,1,1,2,1,1,1,1,1,1,1,1,1,1,1,1,1,1,1,1,1,1,1,1,1,1,1,1,3,2,2,2,2,2,1,1,1,1,2,2,1,1,3,2,3,1,2,2,1,1,1,1,1,2,2,2
BUS_640.02_Sp20,G,Intermediate,O,JF,524,5/9/2020 14:10,2,1,1,2,1,6,2,3,2,7,7,7,3,7,7,7,6,6,1,1,1,1,2,2,2,2,6,2,1,4,2,2,2,2,1,1,1,1,1,1,1,1,2,2,2,3,3,6,4,4,2,2,2,2,1,1
BUS_640.02_Sp20,G,Intermediate,O,JF,713,5/9/2020 14:34,2,2,2,2,2,2,2,2,6,4,4,3,2,3,3,3,2,3,2,2,2,2,2,2,3,2,2,1,3,3,3,3,3,4,2,2,2,2,2,3,3,2,2,2,3,4,2,3,3,1,1,1,2,2,2,2
BUS_640.02_Sp20,G,Intermediate,O,JF,1159,5/9/2020 15:04,3,2,2,2,1,2,1,3,2,3,2,2,2,2,2,2,2,2,2,3,2,2,2,2,2,1,1,1,3,3,3,3,4,3,1,1,1,4,2,1,2,3,3,3,2,5,2,2,2,2,1,1,2,2,2,4
BUS_640.02_Sp20,G,Intermediate,O,JF,2577,5/9/2020 15:52,5,5,5,5,3,5,4,4,4,5,5,4,4,4,4,4,4,6,5,5,5,4,4,4,2,5,2,4,3,5,5,5,3,5,3,3,3,4,4,3,3,2,5,4,4,5,4,5,5,5,4,4,2,2,3,2
BUS_640.02_Sp20,G,Intermediate,O,JF,4238,5/9/2020 18:18,4,4,3,3,2,4,3,2,3,5,5,5,2,4,4,5,4,4,2,2,3,3,3,3,4,2,2,2,4,4,4,4,4,4,3,4,4,4,4,3,3,3,5,4,4,7,5,3,4,2,2,2,2,1,2,2
BUS_640.02_Sp20,G,Intermediate,O,JF,1056,5/9/2020 21:53,1,1,1,1,1,1,1,1,1,3,3,3,1,1,3,3,2,2,1,1,1,1,1,1,1,1,1,1,2,2,1,1,1,1,1,1,2,1,1,1,1,2,1,1,1,3,1,1,1,1,1,1,2,,1,1
BUS_640.02_Sp20,G,Intermediate,O,JF,1359,5/10/2020 8:11,2,3,2,1,2,2,2,3,3,5,5,5,3,3,3,5,2,2,1,2,2,2,3,3,2,2,1,2,2,3,3,5,3,3,1,2,2,1,1,2,2,2,2,2,2,5,2,2,2,2,2,3,2,2,1,2
BUS_640.02_Sp20,G,Intermediate,O,JF,710,5/10/2020 10:48,3,3,3,5,3,5,3,2,2,3,3,3,3,4,4,3,4,5,4,4,4,3,3,4,2,3,2,3,3,5,4,5,5,5,3,1,2,1,2,2,2,2,5,5,5,3,5,5,5,3,2,3,1,,5,2
BUS_640.02_Sp20,G,Intermediate,O,JF,3483,5/11/2020 11:42,1,3,1,4,2,4,1,2,1,3,3,3,2,3,3,3,2,1,2,2,1,1,2,2,1,1,1,1,1,4,3,3,2,1,1,2,1,1,1,3,1,2,5,6,1,2,1,2,3,2,1,1,2,2,2,2
BUS_640.02_Sp20,G,Intermediate,O,JF,574,5/11/2020 19:34,2,2,2,2,2,3,2,3,3,2,2,2,4,2,2,2,2,2,2,2,2,2,2,2,2,2,2,2,2,4,3,5,4,3,3,3,2,3,3,3,3,2,3,4,4,3,3,4,4,5,4,4,2,2,5,1
BUS_640.02_Sp20,G,Intermediate,O,JF,552,5/11/2020 21:34,1,1,1,1,1,2,1,1,1,1,2,2,1,1,1,1,1,1,1,1,1,1,1,2,1,1,1,1,2,2,2,2,2,2,1,1,1,1,1,1,1,1,1,1,2,2,2,1,1,1,1,1,1,2,2,2
BUS_640.02_Sp20,G,Intermediate,O,JF,766,5/11/2020 22:05,2,2,2,2,1,2,1,1,1,2,2,2,1,2,2,2,2,2,2,2,2,1,2,2,2,2,1,1,2,2,2,2,2,2,1,1,1,1,1,1,1,1,1,4,4,6,2,2,2,1,1,1,2,2,5,2
BUS_640.02_Sp20,G,Intermediate,O,JF,299,5/17/2020 20:50,2,1,2,3,3,5,2,2,4,6,6,6,4,6,6,6,3,3,2,2,2,3,2,3,2,2,3,3,2,3,4,2,3,2,2,3,2,3,2,3,2,3,3,2,3,2,3,1,2,6,2,4,1,2,1,2
BUS_640.02_Sp20,G,Intermediate,O,JF,517321,5/18/2020 0:16,1,1,1,1,1,1,1,1,1,1,2,2,2,1,1,1,1,1,1,1,2,1,2,1,1,1,1,1,4,4,4,4,4,6,1,1,1,1,1,1,1,1,1,4,4,7,1,1,1,2,1,1,2,2,5,2
ACCT_1101HD02_Sp20,UG,Beginning,C,RR,546,5/17/2020 12:41,1,1,1,1,1,1,1,1,1,1,1,1,1,1,1,1,1,1,1,1,1,1,1,1,1,1,1,1,2,3,3,4,3,3,1,1,1,1,1,1,1,1,1,1,2,4,2,2,2,1,1,1,2,2,3,2
ACCT_1101HD02_Sp20,UG,Beginning,C,RR,1175,5/17/2020 14:45,2,2,2,2,2,2,2,2,2,2,2,2,2,2,2,2,2,2,2,2,2,2,2,2,2,2,2,2,4,4,4,4,4,4,4,4,4,4,4,4,4,4,4,4,4,4,4,4,4,4,4,4,1,1,2,2
ACCT_1101HD02_Sp20,UG,Beginning,C,RR,289,5/17/2020 15:39,4,4,2,1,3,2,2,1,1,1,1,6,5,3,2,1,6,5,2,3,4,6,2,2,1,2,2,2,1,3,1,1,2,1,2,2,2,2,3,3,2,1,4,2,3,5,4,2,2,4,3,2,1,2,3,1
ACCT_1101HD02_Sp20,UG,Beginning,C,RR,262,5/17/2020 21:07,7,7,7,7,7,7,7,7,7,7,7,7,7,7,7,7,7,7,7,7,7,7,7,7,7,7,7,7,7,7,7,7,7,7,7,7,7,7,7,7,7,7,7,7,7,7,7,7,7,7,7,7,1,2,1,1
ACCT_1101HD02_Sp20,UG,Beginning,C,RR,430,5/17/2020 23:03,2,2,2,2,2,2,2,2,2,3,4,4,2,4,4,4,3,3,4,4,2,2,4,4,4,4,4,4,4,4,4,4,4,4,2,2,2,1,2,2,2,2,3,2,2,4,3,2,1,2,2,2,1,1,1,1
ACCT_1101HD02_Sp20,UG,Beginning,C,RR,1162,5/17/2020 23:41,1,1,1,1,1,1,1,1,1,1,1,1,1,1,1,1,1,1,1,1,1,1,1,1,1,1,1,1,1,1,1,1,1,1,1,1,1,1,1,1,1,1,1,2,1,1,1,1,1,1,1,1,2,2,5,1
ACCT_1101HD02_Sp20,UG,Beginning,C,RR,335,5/18/2020 0:46,2,2,3,2,3,2,3,2,2,2,2,2,2,2,2,2,3,2,2,2,2,2,2,2,2,2,2,2,2,2,2,2,2,2,2,2,2,2,2,2,2,3,3,3,4,4,4,2,2,2,2,2,1,,2,2
ACCT_1101HD02_Sp20,UG,Beginning,C,RR,2405,5/18/2020 7:47,3,3,3,3,3,4,4,4,4,5,5,4,3,4,4,5,3,3,3,3,3,4,4,3,3,3,4,4,3,3,3,3,3,4,3,3,2,3,2,3,4,3,4,5,4,4,3,4,4,4,3,3,1,2,1,1
ACCT_1101HD02_Sp20,UG,Beginning,C,RR,700,5/18/2020 9:54,2,1,2,3,2,2,2,2,2,3,3,3,2,3,3,3,2,2,2,2,2,2,4,2,3,2,4,2,4,3,2,4,5,3,4,4,4,3,2,2,3,3,3,4,4,3,2,4,4,3,2,3,2,2,2,2
ACCT_1101HD02_Sp20,UG,Beginning,C,RR,366,5/18/2020 10:13,3,4,3,3,3,5,2,4,3,5,5,5,3,5,5,5,3,3,3,4,4,3,3,3,3,3,3,3,3,5,4,4,4,4,2,2,3,3,3,3,3,4,3,3,4,4,4,4,4,3,3,4,1,1,1,4
ACCT_1101HD02_Sp20,UG,Beginning,C,RR,1267,5/18/2020 11:52,1,1,1,1,1,1,1,1,1,1,1,2,1,2,3,3,2,3,1,1,2,2,2,2,1,1,1,2,3,3,3,3,3,3,1,1,1,1,1,1,1,1,1,4,1,2,1,1,1,1,1,1,2,1,5,4
ACCT_1101HD02_Sp20,UG,Beginning,C,RR,1730,5/18/2020 14:15,2,1,1,1,1,3,1,2,2,1,7,1,2,1,1,1,2,1,3,1,2,1,1,2,2,2,1,1,3,2,3,1,3,1,2,1,1,3,1,2,3,1,2,3,1,5,1,2,7,2,2,1,1,1,2,2
ACCT_1101HD02_Sp20,UG,Beginning,C,RR,352,5/18/2020 14:22,2,1,1,1,1,2,1,2,1,1,7,1,2,1,2,3,2,2,2,1,2,1,2,2,1,2,1,1,2,3,4,2,3,1,2,1,1,2,2,1,1,2,2,3,2,2,2,1,1,2,2,1,1,1,2,2
ACCT_1101HD02_Sp20,UG,Beginning,C,RR,345,5/18/2020 16:54,4,4,4,4,4,4,4,4,4,4,4,4,4,4,4,4,4,4,4,4,4,4,4,4,4,4,4,4,4,4,4,4,4,4,4,4,4,4,4,4,4,4,4,4,4,4,4,4,4,4,4,4,2,1,2,2
ACCT_1101HD02_Sp20,UG,Beginning,C,RR,404,5/18/2020 21:41,2,2,2,2,2,2,2,3,3,3,3,3,3,3,3,3,3,3,3,3,3,3,3,3,3,3,3,3,4,4,4,4,4,4,2,3,2,2,2,2,2,2,2,2,2,2,2,2,2,3,3,3,1,1,1,1
BUS_2341HD52_Sp20,UG,Beginning,C,RR,547,5/17/2020 10:45,1,1,1,1,1,1,1,1,1,2,2,1,2,1,1,2,1,1,1,1,1,1,4,1,1,2,1,1,2,2,2,2,6,6,2,1,4,4,4,4,4,4,1,1,1,5,1,3,3,1,1,1,2,1,5,
BUS_2341HD52_Sp20,UG,Beginning,C,RR,300,5/17/2020 11:46,1,1,1,1,1,1,1,1,1,1,1,1,1,1,1,1,1,1,1,1,1,1,1,1,1,1,1,1,1,1,1,1,1,1,1,1,1,1,1,1,1,1,1,1,1,1,1,1,1,1,1,1,1,1,2,2
BUS_2341HD52_Sp20,UG,Beginning,C,RR,804,5/17/2020 14:46,2,2,2,3,2,4,2,2,2,3,2,2,2,2,3,2,2,2,2,2,2,2,2,2,2,2,2,2,5,5,5,5,5,5,2,2,2,2,2,2,2,2,2,2,2,2,2,2,2,2,2,2,1,2,2,2
BUS_2341HD52_Sp20,UG,Beginning,C,RR,740,5/17/2020 18:05,3,3,2,4,3,4,3,2,3,4,4,4,3,3,3,4,3,3,2,3,3,2,2,2,3,3,4,4,3,4,3,3,3,4,2,2,3,3,4,4,3,4,4,3,3,3,4,3,4,3,2,1,1,2,2,4
BUS_2341HD52_Sp20,UG,Beginning,C,RR,25367,5/17/2020 21:25,7,7,7,7,7,7,7,7,7,7,7,7,7,7,7,7,7,7,7,7,7,7,4,4,4,4,4,4,2,2,2,2,2,2,5,5,5,5,5,5,5,5,7,7,7,7,7,7,7,7,7,7,1,2,2,3
BUS_2341HD52_Sp20,UG,Beginning,C,RR,319,5/17/2020 21:31,6,6,6,7,7,7,7,7,7,7,7,7,7,7,7,7,7,7,7,7,7,7,7,7,7,7,7,7,7,7,7,7,7,7,7,7,7,7,7,7,7,7,7,7,7,7,7,7,7,7,7,7,1,2,2,3
BUS_2341HD52_Sp20,UG,Beginning,C,RR,406,5/17/2020 23:25,2,2,2,2,2,2,2,2,2,2,2,2,2,2,2,2,2,2,2,2,2,2,2,2,2,2,2,2,4,4,4,4,4,4,2,2,2,2,2,2,2,2,2,2,2,2,2,2,4,2,2,2,2,1,2,2
BUS_2341HD52_Sp20,UG,Beginning,C,RR,301,5/18/2020 2:13,3,3,2,2,2,2,2,2,2,2,2,2,2,2,2,2,2,2,2,2,2,2,3,3,2,2,2,2,2,2,2,2,2,2,3,3,3,3,3,3,3,3,2,2,2,2,2,2,2,1,1,4,2,2,3,3
BUS_2341HD52_Sp20,UG,Beginning,C,RR,1510,5/18/2020 12:32,2,2,2,2,2,2,2,2,2,2,2,2,2,2,2,2,7,2,2,2,2,2,2,2,2,2,2,2,2,2,2,2,2,2,2,2,2,2,2,2,2,2,2,2,2,2,2,2,2,2,2,2,1,,1,1
BUS_2341HD52_Sp20,UG,Beginning,C,RR,246,5/18/2020 14:25,4,4,4,4,4,4,4,4,4,4,4,4,4,4,4,4,4,4,4,4,4,4,4,4,4,4,4,4,4,4,4,4,4,4,4,4,4,4,4,4,4,4,4,4,4,4,4,4,4,4,4,4,1,1,1,1
BUS_2341HD52_Sp20,UG,Beginning,C,RR,1025,5/18/2020 16:27,4,4,3,3,3,4,3,3,3,2,2,2,3,2,2,2,4,4,2,2,4,3,4,3,2,3,4,3,3,3,3,3,3,3,2,1,4,2,3,2,2,2,3,3,3,3,4,4,4,2,2,2,1,2,2,3
BUS_2341HD52_Sp20,UG,Beginning,C,RR,422,5/18/2020 16:38,1,1,1,1,1,1,1,1,1,1,1,1,1,1,1,1,2,1,1,1,1,1,4,1,1,1,1,1,3,6,6,5,7,6,2,2,2,1,2,1,1,1,1,1,1,1,1,2,3,1,1,1,1,,3,2
BUS_2341HD52_Sp20,UG,Beginning,C,RR,793,5/18/2020 19:11,2,2,2,2,2,2,2,2,2,2,2,2,2,2,2,2,2,2,2,2,2,2,2,2,2,2,2,2,3,3,3,3,3,3,3,3,3,3,3,3,3,3,3,3,3,3,3,3,3,3,3,3,2,2,2,2
BUS_2341HD52_Sp20,UG,Beginning,C,RR,511,5/19/2020 4:46,4,4,4,3,3,3,4,4,3,3,3,2,2,4,6,5,5,5,3,3,3,3,5,4,4,4,3,4,4,4,4,4,4,4,3,3,3,4,4,4,4,4,3,3,3,3,3,3,2,4,4,3,2,2,2,4
BUS_2341HD52_Sp20,UG,Beginning,C,RR,1000,5/19/2020 19:47,1,1,1,1,1,1,1,1,1,3,3,3,1,3,3,2,1,4,1,1,1,1,1,2,1,2,1,1,2,3,2,2,5,2,2,2,2,2,2,2,2,2,2,2,2,6,2,2,2,1,1,1,2,2,5,2
ACC_3021TR2_Sp20,UG,Intermediate,C,FK,493,5/13/2020 14:02,2,2,2,1,1,1,1,3,1,3,3,3,2,2,1,2,4,4,2,2,2,1,2,2,4,1,3,2,3,2,2,2,2,2,2,2,2,2,2,2,2,2,3,4,4,4,4,3,3,2,1,2,2,1,1,1
ACC_3021TR2_Sp20,UG,Intermediate,C,FK,220,5/13/2020 15:28,2,4,4,3,2,6,2,3,3,3,4,2,5,2,4,3,2,2,5,3,5,3,2,5,4,4,4,2,2,2,4,6,3,2,2,3,4,5,6,2,1,3,2,4,4,2,6,3,2,2,2,3,1,1,2,2
ACC_3021TR2_Sp20,UG,Intermediate,C,FK,194,5/13/2020 17:56,2,3,2,3,2,2,3,3,4,3,4,5,5,4,4,3,4,3,3,3,4,3,3,3,2,2,3,3,3,3,2,2,3,2,3,3,2,2,2,3,3,2,3,3,3,2,3,2,3,2,3,2,1,1,1,2
ACC_3021TR2_Sp20,UG,Intermediate,C,FK,720,5/13/2020 19:36,1,1,1,1,1,1,1,2,1,1,1,1,1,1,1,2,2,2,1,1,1,1,2,1,2,2,1,1,3,6,6,5,5,2,2,2,2,2,2,2,2,2,2,3,2,6,1,1,1,1,1,1,2,2,2,2
ACC_3021TR2_Sp20,UG,Intermediate,C,FK,6918,5/13/2020 20:15,2,2,3,3,4,4,3,4,3,1,1,1,3,2,2,1,4,4,2,2,2,3,2,2,3,2,2,2,2,3,4,3,3,4,2,2,2,2,2,2,3,3,3,4,4,3,5,4,4,3,3,4,2,,1,2
ACC_3021TR2_Sp20,UG,Intermediate,C,FK,319,5/13/2020 20:40,4,4,4,4,4,4,4,5,3,3,3,3,4,2,3,3,4,3,4,4,4,4,4,4,4,4,4,4,4,4,4,4,4,4,4,5,3,4,3,5,4,4,3,5,4,3,5,4,4,5,4,3,2,2,1,1
ACC_3021TR2_Sp20,UG,Intermediate,C,FK,671,5/13/2020 20:58,1,2,3,4,4,4,4,3,3,2,2,3,3,3,3,2,2,2,1,1,2,3,2,3,4,3,2,2,3,4,4,2,5,6,3,3,4,2,3,3,3,2,3,4,4,4,4,4,4,2,1,2,2,2,2,2
ACC_3021TR2_Sp20,UG,Intermediate,C,FK,17162,5/13/2020 22:45,4,3,3,2,2,4,4,2,3,4,4,3,3,4,4,4,4,4,3,3,3,4,3,3,2,2,4,3,5,5,4,4,4,4,3,2,4,2,2,3,2,3,3,2,4,4,5,4,2,2,3,4,2,2,1,1
ACC_3021TR2_Sp20,UG,Intermediate,C,FK,867,5/14/2020 0:18,3,3,3,4,4,4,4,7,1,4,4,4,7,2,2,2,2,2,1,2,2,2,1,1,1,1,1,1,4,4,4,4,4,4,4,4,3,3,3,3,4,4,2,1,2,5,5,4,2,1,1,1,2,2,1,1
ACC_3021TR2_Sp20,UG,Intermediate,C,FK,626,5/14/2020 10:50,2,3,3,3,2,3,3,3,2,2,2,3,3,4,3,4,3,3,3,2,2,3,4,4,3,3,3,3,3,2,3,3,3,2,3,2,2,3,3,3,3,2,3,5,4,4,3,4,3,5,4,3,2,1,2,2
ACC_3021TR2_Sp20,UG,Intermediate,C,FK,451,5/14/2020 11:32,1,1,1,1,1,1,1,1,1,1,1,1,1,1,1,1,1,1,1,1,1,1,1,1,1,1,1,1,1,1,1,1,1,1,1,1,1,1,1,1,1,1,1,7,1,3,1,1,1,1,1,1,2,2,3,1
ACC_3021TR2_Sp20,UG,Intermediate,C,FK,1120,5/14/2020 12:49,2,2,2,2,2,2,2,2,2,2,1,1,2,2,2,1,2,2,2,3,2,2,4,4,3,2,2,2,2,2,2,2,4,2,2,2,2,2,2,2,2,2,2,2,3,3,3,4,3,2,2,2,1,1,2,4
ACC_3021TR2_Sp20,UG,Intermediate,C,FK,350,5/14/2020 14:03,2,6,6,4,4,3,3,3,3,3,2,2,2,2,2,3,4,4,5,6,5,4,3,3,3,2,3,3,5,4,4,4,4,3,3,3,3,2,2,2,3,3,4,4,4,4,4,4,4,4,3,3,2,2,5,1
ACC_3021TR2_Sp20,UG,Intermediate,C,FK,1434,5/14/2020 14:46,2,3,2,1,4,2,4,1,2,3,2,2,2,4,3,2,2,2,2,2,3,2,2,3,2,2,1,2,6,4,4,3,3,3,1,1,2,2,2,2,2,2,2,1,2,3,2,1,2,2,2,3,2,1,2,2
ACC_3021TR2_Sp20,UG,Intermediate,C,FK,134,5/19/2020 21:28,4,4,4,4,4,4,4,4,4,4,4,4,4,4,4,4,4,4,4,4,4,4,4,4,4,4,4,4,4,4,4,4,4,4,4,4,4,4,4,4,4,4,4,4,4,4,4,4,4,3,3,3,1,2,2,2
ACC_3021TR2_Sp20,UG,Intermediate,C,FK,1699,5/20/2020 17:36,5,3,3,3,1,4,2,3,3,2,3,2,2,3,3,2,2,4,2,3,2,2,5,2,2,2,3,3,5,5,5,6,6,6,3,3,3,4,5,2,2,3,3,6,3,5,2,2,4,2,2,3,1,,1,2
ACC_3021TR2_Sp20,UG,Intermediate,C,FK,1372,5/21/2020 12:07,2,2,3,3,2,4,3,2,3,5,3,1,2,2,2,2,4,5,3,2,2,3,3,3,4,2,3,3,4,5,3,3,6,5,1,1,3,4,2,2,2,3,3,3,2,4,2,2,2,3,1,3,1,2,1,2
ACC_3021TR2_Sp20,UG,Intermediate,C,FK,418,5/21/2020 15:15,2,2,2,2,2,2,2,2,2,2,2,2,2,2,2,2,2,2,2,2,2,2,2,2,2,2,2,2,6,6,6,6,6,6,6,6,6,6,6,6,6,2,2,2,2,2,2,2,2,2,2,2,2,2,2,2
ACC_3021TR2_Sp20,UG,Intermediate,C,FK,369,5/21/2020 19:29,3,3,2,3,2,3,2,2,2,2,2,2,2,2,2,2,3,3,3,3,3,3,3,3,3,3,3,3,3,3,3,3,3,3,4,4,3,3,4,2,2,2,2,2,2,2,2,2,2,2,2,2,2,2,3,4
ACC_3021TR11_Sp20,UG,Intermediate,C,FK,453,5/13/2020 13:34,2,2,2,3,2,2,2,4,4,4,4,4,4,4,4,4,4,4,4,4,4,4,3,4,3,3,4,3,4,4,4,4,4,4,4,4,4,4,4,4,4,4,4,4,4,3,2,2,2,3,1,2,1,1,1,1
ACC_3021TR11_Sp20,UG,Intermediate,C,FK,936,5/13/2020 13:44,3,3,3,4,3,4,3,5,3,2,2,2,2,3,2,2,2,2,1,2,2,2,2,2,3,1,3,1,4,3,3,2,3,3,2,2,4,3,2,2,2,2,3,2,2,5,3,3,1,2,2,3,1,1,2,2
ACC_3021TR11_Sp20,UG,Intermediate,C,FK,1136,5/13/2020 15:11,3,3,3,3,3,3,3,3,3,3,3,3,3,3,3,3,3,3,3,3,3,3,3,3,3,3,3,3,4,4,4,4,4,4,4,4,4,4,4,4,4,4,3,4,3,4,4,4,5,3,4,4,2,2,5,4
ACC_3021TR11_Sp20,UG,Intermediate,C,FK,5655,5/13/2020 16:14,3,3,3,3,3,3,3,3,3,3,3,3,3,3,3,3,3,3,3,3,3,3,3,3,3,3,3,3,3,4,4,4,4,3,3,3,3,3,3,3,3,3,3,3,3,5,3,3,4,3,3,3,2,,3,3
ACC_3021TR11_Sp20,UG,Intermediate,C,FK,626,5/13/2020 16:34,2,2,2,2,2,2,2,2,2,1,1,1,2,1,1,1,2,2,2,2,2,2,3,2,2,2,2,2,3,4,4,4,3,3,1,1,2,3,1,1,1,1,2,2,1,2,3,2,4,2,2,1,2,2,2,2
ACC_3021TR11_Sp20,UG,Intermediate,C,FK,702,5/13/2020 16:44,3,2,3,2,2,3,2,2,2,2,2,2,2,3,3,2,2,2,3,3,2,3,2,2,2,2,2,2,3,4,4,4,3,4,4,3,3,3,2,2,3,4,1,3,2,3,2,2,2,2,2,2,2,2,2,3
ACC_3021TR11_Sp20,UG,Intermediate,C,FK,858,5/13/2020 16:55,2,2,2,2,2,2,2,2,2,2,2,3,2,2,2,3,2,2,2,2,2,2,1,2,2,1,2,2,3,4,4,4,5,4,2,2,2,2,2,2,2,2,2,2,2,3,2,1,2,2,2,2,2,2,2,2
ACC_3021TR11_Sp20,UG,Intermediate,C,FK,596,5/13/2020 16:57,4,5,5,2,3,3,2,3,3,4,4,5,3,3,3,4,4,4,4,4,4,4,4,5,4,4,4,4,4,4,4,4,4,4,3,3,4,4,4,4,4,4,5,4,4,6,4,5,5,4,4,4,1,2,1,1
ACC_3021TR11_Sp20,UG,Intermediate,C,FK,188,5/13/2020 18:24,1,1,2,1,2,3,2,5,4,4,4,4,2,3,3,1,3,3,3,3,3,4,4,3,3,4,3,5,2,3,2,4,2,4,1,3,2,2,3,3,3,3,2,1,1,1,4,2,2,3,4,3,1,1,5,3
ACC_3021TR11_Sp20,UG,Intermediate,C,FK,372,5/14/2020 6:52,2,2,2,2,2,2,2,1,1,2,2,2,3,2,2,2,2,2,2,2,2,2,2,2,2,2,2,2,3,3,3,3,3,3,2,2,2,2,2,2,2,2,2,2,2,2,2,2,2,2,2,2,2,2,2,3
ACC_3021TR11_Sp20,UG,Intermediate,C,FK,1317,5/14/2020 10:58,6,6,6,7,7,7,7,5,5,7,7,7,6,7,7,7,6,7,7,7,7,7,6,6,6,7,5,7,4,4,4,4,4,4,6,6,6,6,6,6,6,6,4,4,4,4,4,4,4,7,7,7,2,2,5,2
ACC_3021TR11_Sp20,UG,Intermediate,C,FK,211,5/14/2020 17:01,4,2,3,3,1,3,3,2,3,3,3,2,2,3,3,3,2,3,2,3,2,3,2,3,2,3,2,3,2,2,3,3,3,4,2,2,2,3,3,3,2,3,6,6,6,6,4,5,3,4,3,4,1,1,2,2
ACC_3021TR11_Sp20,UG,Intermediate,C,FK,652,5/14/2020 20:32,2,2,2,3,2,4,2,2,3,3,2,2,3,3,4,2,3,2,2,3,4,2,3,3,2,2,1,2,3,4,4,2,5,4,2,2,1,3,2,4,4,2,2,4,3,5,1,2,4,3,2,2,1,2,5,4
ACC_3021TR11_Sp20,UG,Intermediate,C,FK,1041,5/14/2020 20:58,2,2,2,2,1,2,1,1,1,2,2,2,2,2,2,2,4,4,4,4,4,4,1,1,1,2,2,2,4,4,4,4,4,4,1,1,1,1,1,1,1,1,1,1,1,1,1,1,1,1,1,1,2,2,3,2
ACC_3021TR11_Sp20,UG,Intermediate,C,FK,455,5/17/2020 11:53,4,4,4,4,4,4,4,4,4,4,4,4,4,4,4,4,4,4,4,4,4,4,4,4,4,4,4,4,4,4,4,4,4,4,4,4,4,4,4,4,4,4,4,4,4,4,4,4,4,4,4,5,2,2,2,2
BUS_640.01_Su20,G,Intermediate,O,JF,1053,7/15/2020 4:21,1,1,1,1,1,1,1,1,1,6,6,5,1,5,5,5,1,1,1,7,2,1,1,1,1,1,1,1,1,6,6,6,6,1,1,1,1,6,1,1,1,1,3,5,5,7,1,1,7,1,1,1,2,2,2,4
BUS_640.01_Su20,G,Intermediate,O,JF,768,7/15/2020 9:59,2,2,2,2,2,2,2,3,2,6,6,6,2,6,6,6,6,6,2,2,4,2,6,6,2,6,2,6,2,2,2,2,2,2,2,2,2,6,2,2,2,2,6,6,6,6,3,5,6,6,2,2,2,1,2,1
BUS_640.01_Su20,G,Intermediate,O,JF,2373,7/15/2020 10:37,2,1,2,1,1,3,2,3,1,1,1,1,1,2,3,1,4,3,1,1,2,1,4,1,1,1,4,1,3,4,2,3,3,3,3,2,4,3,3,3,2,1,5,5,5,2,4,4,4,1,1,1,1,1,2,2
BUS_640.01_Su20,G,Intermediate,O,JF,2129,7/15/2020 12:02,2,2,2,2,2,2,2,2,2,3,2,3,1,3,3,2,1,2,2,2,2,2,1,2,1,1,2,2,3,6,2,3,2,2,1,1,1,2,2,2,2,1,2,4,3,3,3,3,4,1,1,2,2,,1,1
BUS_640.01_Su20,G,Intermediate,O,JF,603,7/15/2020 12:15,2,2,2,2,2,2,2,3,2,1,1,1,3,1,1,1,2,2,2,2,2,2,2,2,2,2,3,3,2,2,2,3,2,3,2,2,2,1,2,2,2,2,2,2,3,7,3,2,1,2,2,2,1,2,1,1
BUS_640.01_Su20,G,Intermediate,O,JF,647,7/15/2020 18:56,1,1,1,1,1,1,1,1,1,1,1,1,1,1,1,1,1,1,1,1,1,1,1,1,1,1,1,1,4,4,4,4,4,4,1,1,1,1,1,1,1,1,3,3,3,1,2,1,4,1,1,1,2,2,1,1
BUS_640.01_Su20,G,Intermediate,O,JF,281,7/15/2020 20:39,2,2,2,2,2,2,2,2,2,4,4,4,2,4,4,4,4,4,2,4,4,4,4,4,4,2,2,2,2,4,4,4,4,4,2,2,2,2,2,2,2,2,2,2,2,2,2,2,2,2,2,2,2,2,2,2
BUS_640.01_Su20,G,Intermediate,O,JF,483,7/15/2020 22:31,2,2,2,1,2,2,1,1,1,3,2,2,1,1,1,1,1,1,2,2,2,2,2,2,1,2,1,2,3,6,5,6,6,6,2,2,2,2,2,2,2,2,2,2,2,4,2,2,2,2,2,2,2,2,2,3
BUS_640.01_Su20,G,Intermediate,O,JF,954,7/16/2020 18:01,4,4,4,4,4,3,4,5,6,4,4,4,6,6,6,6,4,4,4,5,4,6,7,7,5,4,4,7,4,4,4,4,4,4,4,4,4,4,4,4,4,4,4,4,4,4,4,4,4,5,5,5,2,2,5,2
BUS_640.01_F20,G,Intermediate,O,JF,960,12/3/2020 23:28,1,1,1,1,1,1,1,1,1,2,2,2,1,2,2,1,1,1,1,1,1,1,1,1,1,1,1,1,2,2,2,3,3,2,1,1,1,1,1,1,1,1,1,1,1,3,1,1,1,1,1,1,2,2,2,2
BUS_640.01_F20,G,Intermediate,O,JF,853,12/4/2020 0:41,6,1,1,1,1,1,1,1,1,1,1,1,1,1,1,1,1,1,1,1,1,1,1,1,1,1,1,1,1,1,1,1,1,1,1,1,1,1,1,1,1,1,1,1,1,1,1,1,1,1,1,1,2,1,2,2
BUS_640.01_F20,G,Intermediate,O,JF,632,12/4/2020 12:18,1,1,1,1,1,1,1,1,1,2,2,2,2,2,2,2,2,3,1,1,1,2,3,2,2,2,2,2,3,3,3,3,3,3,1,2,2,3,1,1,1,1,1,3,1,6,1,1,1,1,1,1,2,2,5,1
BUS_640.01_F20,G,Intermediate,O,JF,405,12/5/2020 20:30,2,2,2,2,2,2,2,2,2,3,2,2,2,3,3,2,2,2,2,2,2,2,2,2,2,2,2,2,2,3,3,4,4,5,1,1,2,2,1,1,1,1,2,2,2,3,1,1,1,2,2,2,2,1,2,2
BUS_640.01_F20,G,Intermediate,O,JF,311,12/5/2020 23:27,2,2,2,2,2,2,2,2,2,2,2,2,2,2,2,2,2,2,2,2,2,2,2,2,2,2,2,2,2,2,2,2,2,2,2,2,2,2,2,2,2,2,2,2,2,3,2,2,2,2,2,2,2,2,1,3
BUS_640.01_F20,G,Intermediate,O,JF,1668,12/6/2020 11:32,3,2,2,2,1,4,2,2,1,4,3,3,2,2,2,3,2,3,3,3,3,2,3,2,2,2,2,2,2,4,4,3,2,4,2,4,3,4,3,4,3,2,3,3,2,5,3,2,3,2,3,2,1,2,1,1
BUS_640.01_F20,G,Intermediate,O,JF,487,12/6/2020 22:55,1,1,1,1,1,1,1,1,1,1,1,1,1,1,1,1,1,1,1,1,1,1,1,3,1,2,1,1,7,7,7,7,7,7,1,1,1,1,1,1,1,1,1,1,1,7,1,1,1,1,1,4,2,2,2,3
BUS_640.01_F20,G,Intermediate,O,JF,1730,12/7/2020 9:08,1,1,1,3,3,3,3,1,1,3,3,2,1,2,2,3,2,1,1,1,1,1,1,1,1,1,1,1,3,3,3,3,3,3,1,1,1,1,1,1,1,1,2,2,2,7,1,1,1,1,1,1,2,,1,1
BUS_640.01_F20,G,Intermediate,O,JF,306,12/7/2020 20:56,1,1,1,1,1,2,1,1,1,3,3,3,1,1,2,2,1,1,1,1,1,1,1,1,2,1,1,1,1,1,1,1,4,2,2,2,2,2,2,2,2,2,5,3,1,2,5,1,2,1,1,1,1,2,2,2
BUS_640.01_F20,G,Intermediate,O,JF,458,12/8/2020 17:44,1,1,1,1,1,1,1,1,1,2,2,3,1,3,3,3,1,1,1,1,1,1,1,1,1,1,1,1,1,3,2,2,2,2,1,1,1,1,1,1,1,1,5,4,4,4,4,4,3,1,1,1,2,1,2,1
BUS_640.01_F20,G,Intermediate,O,JF,324,12/8/2020 18:33,1,1,1,1,1,1,1,2,1,2,2,2,2,2,2,2,1,1,1,1,1,1,1,1,1,1,1,1,2,2,2,2,2,2,1,1,1,1,1,1,1,1,2,2,2,2,2,2,2,2,1,1,1,1,2,2
BUS_640.01_F20,G,Intermediate,O,JF,528,12/8/2020 22:33,2,4,3,4,3,3,2,2,2,6,6,3,3,5,5,4,4,4,2,6,6,3,2,5,2,2,2,2,2,2,4,4,4,4,2,2,2,2,2,2,2,3,3,3,2,2,3,2,4,2,2,2,2,1,2,3
BUS_640.01_F20,G,Intermediate,O,JF,726,12/8/2020 23:35,1,3,1,1,1,1,1,1,1,3,3,3,1,1,1,2,1,4,1,3,1,1,2,4,2,2,1,1,6,6,6,6,6,6,1,1,1,1,1,1,1,1,1,1,2,1,1,1,6,1,1,1,2,1,5,3
BUS_640.01_F20,G,Intermediate,O,JF,646,12/8/2020 23:46,1,1,1,1,3,3,3,2,1,4,3,3,1,2,2,2,1,1,1,1,1,1,2,3,2,2,1,1,1,2,2,1,1,1,1,2,1,1,2,2,1,1,4,4,4,3,4,3,3,1,1,1,2,2,3,2
BUS_640.01_F20,G,Intermediate,O,JF,286332,12/9/2020 2:45,4,4,4,4,4,4,4,4,4,4,4,4,4,4,4,4,4,4,4,4,4,4,4,4,4,4,4,4,4,4,4,4,4,4,4,4,4,4,4,4,4,4,4,4,4,4,4,4,4,4,4,4,1,,1,1
BUS_640.01_F20,G,Intermediate,O,JF,784,12/9/2020 13:59,2,2,2,3,1,4,2,1,1,3,2,3,2,2,2,2,2,2,2,2,2,2,1,1,1,1,1,1,1,3,3,4,5,4,1,2,1,2,1,1,1,1,6,6,6,7,3,2,3,1,1,1,1,2,2,2
BUS_640.01_F20,G,Intermediate,O,JF,806,12/9/2020 18:10,3,2,2,2,2,2,2,2,2,6,6,6,3,6,6,6,7,6,2,6,6,6,5,3,5,2,2,3,2,6,6,6,3,6,1,1,1,1,1,1,1,2,6,6,6,7,3,6,1,2,1,2,2,1,1,4
BUS_640.01_F20,G,Intermediate,O,JF,2315,12/9/2020 19:50,1,1,1,1,1,1,1,1,1,3,3,2,1,3,3,3,1,1,1,1,1,1,1,1,1,1,1,1,1,1,1,2,1,1,1,1,1,1,1,1,1,1,4,4,1,5,1,1,4,1,1,1,2,2,1,1
BUS_640.01_F20,G,Intermediate,O,JF,555,12/13/2020 23:34,1,1,2,3,2,3,2,1,1,1,3,3,1,2,3,3,1,1,1,3,3,1,1,2,2,2,1,1,3,3,3,3,3,3,1,2,2,1,1,1,2,1,1,4,4,5,2,2,4,3,2,3,1,1,2,1
BUS_640.01_F20,G,Intermediate,O,JF,404,12/14/2020 0:31,1,1,1,1,1,1,1,1,1,1,1,1,1,1,1,1,1,1,1,1,1,1,1,1,1,1,1,1,2,2,2,2,2,2,1,1,1,1,1,1,1,1,1,1,1,3,1,1,1,1,1,1,2,2,2,2
BUS_640.01_F20,G,Intermediate,O,JF,714,12/14/2020 0:46,1,1,1,1,1,1,1,1,1,2,1,1,1,2,2,2,1,1,1,1,1,1,1,1,1,1,1,2,2,2,2,2,2,2,2,1,1,1,1,1,1,1,2,2,2,2,2,1,1,1,1,1,,,2,1
BUS_640.02_F20,G,Intermediate,O,JF,427,12/9/2020 10:17,2,2,2,2,2,2,2,2,2,2,2,2,2,2,2,2,2,2,2,2,2,2,2,2,2,2,2,2,2,2,2,2,2,2,2,2,2,2,2,2,2,2,6,6,2,2,2,2,2,2,2,3,2,1,1,2
BUS_640.02_F20,G,Intermediate,O,JF,3370,12/9/2020 11:47,5,3,3,2,4,4,4,4,5,3,2,3,4,4,4,3,5,5,4,5,5,5,5,5,5,6,2,3,3,3,3,3,3,3,2,3,3,3,3,3,3,3,2,3,3,7,3,6,5,4,4,3,2,2,1,1
BUS_640.02_F20,G,Intermediate,O,JF,3221,12/9/2020 12:19,1,1,1,2,2,3,2,1,1,1,1,1,1,1,1,1,2,1,1,1,1,1,1,1,1,1,1,1,1,2,2,2,2,1,1,1,1,1,1,1,1,1,1,1,2,5,1,1,1,1,1,1,2,2,1,3
BUS_640.02_F20,G,Intermediate,O,JF,295,12/9/2020 14:45,2,2,2,2,2,2,2,2,2,3,3,3,3,3,3,3,2,2,2,2,2,2,2,2,2,2,2,2,1,2,3,3,3,3,2,3,3,3,3,3,3,3,2,2,3,3,4,4,4,2,3,3,2,1,2,2
BUS_640.02_F20,G,Intermediate,O,JF,399,12/9/2020 14:56,2,2,2,2,2,2,2,2,2,2,2,2,2,2,2,2,2,2,2,2,2,2,2,2,2,2,2,2,2,2,2,2,2,2,2,2,2,2,2,2,2,2,2,2,2,2,2,2,2,2,2,2,1,1,1,1
BUS_640.02_F20,G,Intermediate,O,JF,1485,12/9/2020 15:01,2,1,1,1,1,1,2,2,2,4,3,3,2,4,4,2,5,5,1,1,1,1,5,2,4,2,1,2,2,4,4,4,2,2,1,2,2,1,2,2,2,1,2,4,2,6,3,3,2,2,2,2,2,2,1,1
BUS_640.02_F20,G,Intermediate,O,JF,388,12/9/2020 15:43,1,1,1,1,1,1,1,1,2,5,5,5,3,6,6,6,2,2,2,2,3,1,2,3,4,2,1,2,1,4,2,3,3,3,2,2,2,2,2,2,2,2,2,2,3,5,2,2,2,2,2,2,2,2,2,2
BUS_640.02_F20,G,Intermediate,O,JF,735,12/10/2020 0:30,2,2,2,2,2,2,2,2,2,6,6,6,2,6,6,6,2,2,2,2,2,2,2,2,2,2,2,2,4,4,4,4,4,4,2,2,2,2,2,2,2,2,5,5,2,3,3,2,2,1,1,1,2,2,2,2
BUS_640.02_F20,G,Intermediate,O,JF,806,12/10/2020 1:55,4,3,3,6,2,6,2,4,4,6,6,6,4,7,7,7,3,4,3,3,4,6,6,6,6,6,5,7,4,4,5,6,6,5,3,3,2,6,4,4,4,6,3,4,5,3,6,6,6,4,5,3,2,2,1,2
BUS_640.02_F20,G,Intermediate,O,JF,757,12/10/2020 17:58,2,2,2,2,2,2,2,2,2,2,2,2,2,2,2,2,2,2,2,2,2,2,2,2,2,2,2,2,3,3,3,3,4,4,2,2,2,2,2,2,2,2,2,5,2,3,2,2,4,2,2,2,2,2,1,1
BUS_640.02_F20,G,Intermediate,O,JF,1070,12/11/2020 17:15,3,3,2,4,3,3,2,2,2,3,2,2,2,2,2,1,3,4,3,2,2,2,2,2,3,2,2,2,3,3,3,3,3,2,1,1,2,2,2,1,1,2,2,2,1,3,2,2,2,1,1,2,2,2,2,1
BUS_640.02_F20,G,Intermediate,O,JF,301,12/13/2020 11:10,1,1,1,1,3,1,3,1,1,1,1,1,1,1,1,1,1,1,1,1,1,1,1,1,1,1,1,1,1,3,3,3,2,2,1,1,1,1,1,1,1,1,1,2,2,2,1,1,1,1,1,1,2,2,1,2
BUS_640.02_F20,G,Intermediate,O,JF,882,12/14/2020 19:06,3,2,2,2,2,2,2,2,2,2,2,2,2,2,2,2,2,2,2,2,2,2,2,2,2,2,2,2,3,3,3,3,3,3,2,2,2,2,2,2,2,2,2,2,2,2,1,1,1,2,2,2,2,2,2,3
ACCT_1101_OL16_F20,UG,Beginning,O,JF,542,12/9/2020 15:20,4,2,3,1,3,2,3,2,2,4,4,4,2,3,2,3,3,4,2,2,2,2,2,2,1,1,2,3,2,2,2,3,4,2,2,2,2,2,2,2,2,2,2,5,2,7,3,2,2,2,2,1,1,1,5,2
ACCT_1101_OL16_F20,UG,Beginning,O,JF,401,12/9/2020 18:17,1,1,1,2,1,1,1,1,1,1,1,1,1,1,1,1,1,1,1,1,1,1,1,1,1,1,1,1,2,3,2,2,2,2,1,1,3,3,1,1,1,1,1,1,1,7,1,1,1,1,1,1,1,2,1,2
ACCT_1101_OL16_F20,UG,Beginning,O,JF,210,12/9/2020 18:32,1,1,1,1,1,1,1,1,1,1,1,1,1,1,1,1,1,1,1,1,1,1,1,1,1,1,1,1,1,1,1,1,1,1,1,1,1,1,1,1,1,1,1,1,1,1,1,1,1,1,1,1,1,1,3,2
ACCT_1101_OL16_F20,UG,Beginning,O,JF,455,12/10/2020 22:07,3,2,2,2,2,2,2,2,2,3,3,2,2,2,3,2,2,4,2,2,2,2,2,2,3,2,2,2,3,3,3,3,3,3,2,3,2,2,2,2,2,2,2,2,2,2,2,2,2,2,2,3,1,2,5,4
ACCT_1101_OL16_F20,UG,Beginning,O,JF,1985,12/11/2020 20:42,2,1,1,1,1,4,2,2,2,2,2,1,2,2,2,2,2,3,2,1,1,1,1,1,2,1,1,1,4,5,5,4,5,4,4,2,2,2,2,1,2,4,3,3,3,5,2,2,1,1,1,1,1,1,5,2
ACCT_1101_OL16_F20,UG,Beginning,O,JF,710,12/11/2020 21:53,2,2,3,2,2,3,2,3,2,3,2,2,2,3,3,2,3,3,2,2,2,3,2,3,3,1,2,2,3,3,4,3,3,3,2,2,2,3,3,2,2,3,4,3,3,2,2,2,5,2,3,3,1,2,1,1
ACCT_1101_OL16_F20,UG,Beginning,O,JF,627,12/13/2020 18:21,3,3,2,2,3,3,2,2,2,3,2,2,2,2,3,3,3,3,3,3,3,2,3,3,2,2,2,3,2,2,2,3,3,3,2,2,2,2,2,2,2,2,3,3,2,6,3,3,2,2,2,2,2,2,1,1
ACCT_1101_OL16_F20,UG,Beginning,O,JF,254,12/14/2020 10:08,2,3,2,2,2,2,2,2,2,2,2,3,3,3,3,3,3,3,3,3,3,3,3,3,3,3,3,3,3,3,3,3,3,3,2,2,2,2,2,2,2,2,3,3,3,3,3,3,3,3,3,3,1,1,2,2
ACCT_1101_OL16_F20,UG,Beginning,O,JF,151,12/14/2020 13:36,4,4,4,4,4,4,4,4,4,4,4,4,4,4,4,4,4,4,4,4,4,4,4,4,4,4,4,4,4,4,4,4,4,4,4,4,4,4,4,4,4,4,4,4,4,4,4,4,4,4,4,4,1,1,3,3
ACCT_1101_OL16_F20,UG,Beginning,O,JF,877,12/14/2020 13:37,1,1,1,1,1,1,1,1,1,4,4,4,1,4,4,4,1,1,1,1,1,1,1,1,1,1,1,1,1,1,1,1,1,1,1,1,1,1,1,1,1,1,2,2,2,4,2,1,1,1,1,1,1,2,1,1
ACCT_1101_OL16_F20,UG,Beginning,O,JF,1396,12/14/2020 14:20,2,2,2,2,2,4,4,2,1,4,4,4,1,3,4,4,2,2,2,2,2,1,2,2,1,2,1,2,4,4,4,4,4,4,2,1,2,2,2,2,2,2,2,2,2,3,2,2,2,3,2,2,2,2,2,1
ACCT_1101_OL16_F20,UG,Beginning,O,JF,1079,12/14/2020 23:58,1,2,1,1,2,2,2,1,1,2,1,1,1,1,1,1,1,1,2,2,2,1,1,1,1,1,1,1,2,2,2,3,4,3,1,1,2,2,1,2,1,1,2,2,1,3,1,1,2,1,2,1,1,2,1,2
ACCT_1101_OL16_F20,UG,Beginning,O,JF,8959,12/15/2020 16:40,1,1,1,1,1,1,1,1,1,1,1,1,1,1,1,1,2,1,1,1,1,1,3,3,1,2,2,1,2,5,2,2,1,2,1,1,2,1,1,1,1,1,1,1,1,7,1,1,1,1,1,1,1,1,1,1
ACCT_1101_OL16_F20,UG,Beginning,O,JF,728,12/15/2020 22:22,1,2,1,1,2,2,2,1,1,6,6,3,1,3,3,6,2,2,1,1,1,1,2,2,2,1,1,2,2,5,2,2,3,5,1,2,2,2,2,2,2,1,5,5,3,6,2,2,2,1,2,2,2,2,2,3
ACC_2001.NTAF_F20,UG,Intermediate,C,FK,688,12/18/2020 16:58,2,3,4,5,4,4,4,4,4,4,4,3,3,4,4,3,4,4,3,3,3,3,3,3,3,3,3,3,4,4,4,4,3,3,2,2,2,3,2,3,3,4,3,4,3,3,3,3,4,3,3,4,1,1,1,
ACC_2001.NTAF_F20,UG,Intermediate,C,FK,574,12/18/2020 18:52,1,1,1,4,1,4,1,1,1,1,4,1,1,4,4,4,4,4,1,1,1,1,4,4,4,1,1,1,1,1,1,1,1,1,1,1,1,1,1,1,1,1,1,1,1,4,1,4,4,2,1,4,2,,1,
ACC_2001.NTAF_F20,UG,Intermediate,C,FK,581,12/18/2020 22:36,3,3,3,5,3,2,3,3,4,3,5,3,3,3,4,4,4,5,4,3,3,3,5,5,3,3,5,4,3,4,4,4,3,3,3,2,2,2,2,2,2,3,3,3,3,2,3,2,3,3,3,3,1,1,2,
ACC_2001.NTAF_F20,UG,Intermediate,C,FK,17237,12/19/2020 9:55,3,3,2,3,2,3,2,3,2,3,3,4,3,5,5,4,4,4,2,2,2,2,6,6,1,3,6,3,6,6,5,6,6,6,1,1,1,1,1,1,1,3,1,1,1,3,1,2,2,2,2,2,2,2,2,
ACC_2001.NTAF_F20,UG,Intermediate,C,FK,206,12/19/2020 18:07,1,2,2,2,2,1,1,1,3,2,1,1,2,2,3,1,2,3,2,1,2,2,2,2,2,2,2,2,2,2,2,2,2,2,3,1,2,2,4,2,1,2,2,2,2,1,3,1,1,4,3,2,1,1,2,
ACC_2001.NTAF_F20,UG,Intermediate,C,FK,667,12/21/2020 22:46,3,3,3,3,3,4,3,3,4,7,7,7,4,4,4,4,3,3,3,3,3,3,3,4,4,3,3,2,2,4,2,4,2,3,4,3,4,3,3,2,3,2,4,4,6,6,3,4,1,3,3,4,1,1,2,
ACC_2001.NTAF_F20,UG,Intermediate,C,FK,456,12/22/2020 0:47,3,3,3,3,2,3,3,3,3,3,3,3,3,3,3,3,4,4,2,3,3,3,3,3,3,3,3,2,3,4,6,6,7,7,2,2,2,1,1,1,1,1,4,1,2,2,3,2,3,3,3,3,1,,1,
BUS_640.01_Sp21,G,Intermediate,O,FK,428,5/6/2021 21:54,1,2,1,1,1,1,1,1,1,1,1,3,1,2,2,2,1,1,1,1,1,1,1,1,1,1,1,1,3,3,3,3,3,3,2,1,1,1,1,1,1,1,1,1,2,3,2,2,2,1,1,1,2,1,2,2
BUS_640.01_Sp21,G,Intermediate,O,FK,636,5/8/2021 13:14,2,2,2,4,1,4,2,3,2,4,4,4,3,4,4,4,4,4,2,2,2,2,2,2,2,2,3,2,4,4,4,4,4,4,2,2,2,2,2,2,2,2,3,4,3,2,3,4,4,3,2,2,2,2,1,1
BUS_640.01_Sp21,G,Intermediate,O,FK,999,5/8/2021 16:44,4,6,3,4,3,4,3,2,5,6,4,2,4,4,5,2,4,4,2,4,2,4,3,3,4,2,3,2,1,6,6,6,4,4,2,2,2,6,2,2,2,2,2,3,3,6,3,4,4,4,2,4,2,2,2,1
BUS_640.01_Sp21,G,Intermediate,O,FK,495,5/9/2021 14:55,2,2,2,1,2,2,2,3,1,5,3,2,3,2,5,2,2,3,1,2,4,1,2,2,4,2,2,2,1,3,2,2,2,2,1,1,2,1,1,1,1,1,2,3,2,5,4,2,3,2,2,1,2,2,2,4
BUS_640.01_Sp21,G,Intermediate,O,FK,348,5/10/2021 8:42,2,2,2,3,2,2,2,2,2,6,3,2,2,2,2,3,2,6,2,2,2,2,2,2,3,3,2,3,6,6,6,6,6,6,2,2,2,2,2,2,2,2,3,3,2,2,2,3,3,2,2,2,2,1,2,2
BUS_640.01_Sp21,G,Intermediate,O,FK,2880,5/10/2021 15:15,3,4,4,3,3,3,2,3,2,1,1,1,2,2,2,2,3,3,3,3,3,3,3,3,4,2,4,3,4,4,4,4,4,4,3,2,2,2,2,2,2,2,3,2,3,4,2,2,1,2,2,2,1,2,2,3
BUS_640.01_Sp21,G,Intermediate,O,FK,513,5/10/2021 18:32,2,2,2,2,2,2,2,1,1,6,7,7,2,7,7,7,2,2,2,2,2,2,2,3,2,2,2,2,2,2,2,2,2,2,1,1,1,1,1,1,1,1,3,2,3,6,3,3,2,2,2,2,1,2,1,3
BUS_640.01_Sp21,G,Intermediate,O,FK,2566,5/11/2021 0:11,3,1,1,1,1,1,4,4,4,5,5,4,4,4,4,5,2,2,2,2,2,2,1,3,4,4,2,2,6,7,7,7,7,7,1,1,1,1,1,1,1,1,3,3,3,3,1,2,1,3,2,2,2,1,2,1
BUS_640.01_Sp21,G,Intermediate,O,FK,645,5/12/2021 17:58,2,2,2,2,2,2,2,2,2,3,2,2,2,2,2,2,2,2,2,2,2,2,2,2,2,2,2,2,3,4,4,4,4,4,2,2,2,2,2,2,2,2,3,2,2,2,2,2,2,2,2,2,2,2,5,4
BUS_640.01_Sp21,G,Intermediate,O,FK,641,5/14/2021 2:41,2,2,2,2,2,2,2,2,2,4,4,3,2,2,2,3,2,2,2,2,2,2,2,2,2,2,2,2,4,4,4,4,4,4,2,2,2,2,2,2,2,2,2,2,2,2,2,2,2,1,1,1,1,,2,2
BUS_640.01_Sp21,G,Intermediate,O,FK,935,5/16/2021 12:01,4,4,3,5,4,4,3,4,3,5,5,4,4,3,5,5,4,3,4,3,4,3,4,5,3,4,3,3,2,2,3,2,3,2,2,2,2,2,2,2,1,2,2,3,2,3,2,3,3,2,2,3,2,2,2,3
BUS_640.01_Sp21,G,Intermediate,O,FK,270,5/16/2021 15:34,1,1,1,1,1,1,1,1,1,1,1,1,1,1,1,1,1,1,1,1,1,1,1,1,1,1,1,1,1,1,1,1,1,1,1,1,1,1,1,1,1,1,1,1,1,1,1,1,1,1,1,1,1,1,5,4
BUS_640.01_Sp21,G,Intermediate,O,FK,1858,5/17/2021 3:28,2,2,2,1,1,1,1,2,2,2,2,2,2,2,2,2,2,2,2,2,2,2,1,1,3,2,1,1,1,4,4,3,3,3,2,2,2,2,2,2,3,2,4,5,5,4,5,3,3,2,2,4,2,1,5,2
BUS_640.01_Sp21,G,Intermediate,O,FK,554,5/18/2021 3:45,3,3,3,6,3,3,2,2,2,2,3,3,3,1,1,1,2,2,2,2,2,2,2,2,2,2,2,2,6,6,6,6,6,6,2,2,2,2,2,2,2,2,4,4,4,5,2,2,2,2,2,2,2,2,1,1
BUS_640.01_Sp21,G,Intermediate,O,FK,763,5/18/2021 6:09,3,3,3,3,3,3,3,3,3,4,4,4,3,4,4,4,3,3,3,4,4,4,3,4,3,3,2,4,2,3,3,3,4,3,2,2,2,2,2,2,2,2,4,4,3,4,3,3,3,3,3,3,2,2,3,2
BUS_640.01_Sp21,G,Intermediate,O,FK,673,5/18/2021 10:59,3,3,7,3,4,2,5,3,4,6,6,6,4,6,6,6,4,4,3,4,4,3,3,4,3,3,3,3,3,4,4,4,4,4,3,3,3,4,3,3,3,3,3,4,4,3,3,4,4,3,2,2,1,2,1,1
BUS_640.01_Sp21,G,Intermediate,O,FK,287,5/18/2021 22:41,1,1,1,1,1,1,1,1,1,1,4,5,2,4,4,4,1,1,1,1,1,1,1,1,1,1,1,1,2,2,2,2,2,2,1,1,1,1,1,1,1,1,1,1,1,1,1,1,1,1,1,1,2,2,2,3
BUS_640.01_Su21,G,Intermediate,O,JF,488,7/14/2021 12:47,7,1,1,1,1,1,1,1,1,2,3,1,1,1,1,1,1,2,2,1,1,1,1,1,1,1,1,1,1,2,3,3,5,5,5,1,1,1,1,1,1,1,1,2,1,1,2,2,1,1,1,1,1,1,2,
BUS_640.01_Su21,G,Intermediate,O,JF,414,7/14/2021 15:51,7,1,1,1,1,1,1,1,1,1,3,4,4,2,2,2,3,2,2,1,1,1,1,1,1,1,1,1,1,3,4,3,3,3,4,1,1,1,1,1,1,1,1,2,1,1,2,1,1,1,1,1,1,1,2,
BUS_640.01_Su21,G,Intermediate,O,JF,1242,7/14/2021 18:09,7,2,2,3,2,2,2,2,2,2,2,2,2,2,2,2,2,2,2,3,3,3,2,1,3,1,1,1,1,1,2,1,1,1,2,2,2,2,2,2,2,2,1,1,1,1,7,1,2,2,1,1,1,2,2,
BUS_640.01_Su21,G,Intermediate,O,JF,513,7/14/2021 18:52,7,1,1,1,1,1,2,1,1,1,4,4,4,1,4,4,4,2,2,1,1,1,1,3,1,4,1,3,1,6,6,6,6,6,6,1,1,1,1,1,1,1,1,1,1,1,1,1,1,1,1,1,1,2,2,
BUS_640.01_Su21,G,Intermediate,O,JF,733,7/14/2021 19:56,7,3,4,2,4,4,2,4,4,4,6,6,6,4,6,6,6,4,4,4,4,4,4,4,4,4,3,2,4,2,4,4,3,4,3,2,2,4,4,4,3,2,2,4,4,4,4,4,4,4,4,2,4,1,,
BUS_640.01_Su21,G,Intermediate,O,JF,487,7/14/2021 22:19,7,2,2,2,2,2,5,2,4,3,6,5,4,3,6,6,6,3,4,3,5,5,3,2,3,2,4,2,2,4,4,4,4,4,4,2,2,2,3,2,2,2,2,3,5,4,3,3,3,4,4,2,2,2,2,
BUS_640.01_Su21,G,Intermediate,O,JF,602,7/14/2021 22:25,7,2,1,1,1,2,2,2,1,1,2,2,1,1,1,2,1,1,4,1,1,1,2,1,1,1,1,1,1,3,4,3,3,3,3,1,1,1,1,1,2,1,1,2,3,1,4,2,3,3,1,2,2,1,2,
BUS_640.01_Su21,G,Intermediate,O,JF,357,7/15/2021 9:15,6,1,1,1,1,1,1,1,1,1,4,4,6,3,6,6,6,2,3,3,2,2,2,2,2,2,2,2,2,2,2,2,2,2,2,2,2,2,2,2,2,2,2,3,3,3,3,3,3,3,3,3,3,2,1,
BUS_640.01_Su21,G,Intermediate,O,JF,546,7/15/2021 13:06,6,2,2,2,2,2,4,2,2,6,4,4,4,2,2,3,3,2,2,2,2,2,2,2,2,2,2,2,2,2,2,2,2,2,2,3,2,3,2,2,2,2,2,3,2,3,6,4,2,3,3,3,3,2,2,
BUS_640.01_Su21,G,Intermediate,O,JF,1084,7/15/2021 13:54,7,2,3,2,1,1,1,1,1,1,1,1,1,1,1,1,1,1,1,2,2,2,1,1,1,4,1,1,1,3,3,3,2,3,2,2,2,2,1,1,1,1,1,2,2,2,6,2,2,1,1,1,1,1,,
BUS_640.01_Su21,G,Intermediate,O,JF,496,7/16/2021 7:38,5,3,3,2,2,3,3,2,2,3,2,6,2,3,2,1,2,3,2,3,5,5,2,2,3,4,6,2,3,3,4,4,4,4,4,2,2,2,2,2,2,2,2,2,2,2,5,2,2,2,3,3,3,1,2,
BUS_640.01_Su21,G,Intermediate,O,JF,374,7/16/2021 16:08,6,2,2,2,2,2,2,2,2,2,2,3,2,2,2,2,3,2,2,2,2,2,2,2,2,2,2,2,2,5,5,5,4,6,6,2,2,2,2,4,4,4,2,3,3,3,3,3,2,3,2,2,2,2,2,
BUS_640.01_Su21,G,Intermediate,O,JF,403,7/16/2021 22:46,7,1,1,1,1,1,1,1,1,1,4,4,4,1,4,4,4,1,1,1,1,1,1,1,1,1,1,1,1,1,2,1,1,1,1,1,1,1,1,1,1,1,1,1,1,1,5,2,1,1,1,1,1,2,2,
BUS_640.01_Su21,G,Intermediate,O,JF,685,7/17/2021 0:24,5,1,1,1,1,1,1,1,1,1,1,1,1,1,1,1,1,1,1,1,1,1,1,1,1,1,1,1,1,1,1,1,1,1,1,1,1,1,1,1,1,1,1,1,1,1,1,1,1,1,1,1,1,2,2,
BUS_640.01_Su21,G,Intermediate,O,JF,1141,7/17/2021 9:26,6,3,2,2,2,2,2,2,3,2,4,4,4,2,4,4,4,3,2,2,2,4,3,1,2,2,1,2,2,2,4,3,4,4,4,3,3,4,3,2,3,2,1,2,4,4,5,2,2,4,2,2,2,2,2,
BUS_640.01_Su21,G,Intermediate,O,JF,171,7/18/2021 13:45,7,1,1,1,1,1,1,1,1,1,1,1,1,1,1,1,1,1,1,1,1,1,1,1,1,1,1,1,1,3,3,2,3,2,2,1,1,1,1,1,1,1,1,1,1,1,1,1,1,1,1,1,1,2,1,
BUS_640.01_Su21,G,Intermediate,O,JF,828,7/19/2021 12:58,6,2,2,2,2,2,2,2,2,2,4,4,4,1,2,2,4,3,3,2,2,2,2,2,2,2,2,2,2,4,4,5,5,5,5,2,2,2,2,2,2,2,2,4,4,4,3,2,2,2,2,2,2,1,2,
BUS_640.01_Su21,G,Intermediate,O,JF,886,7/19/2021 13:00,5,3,3,3,2,4,5,3,2,2,6,6,6,3,6,6,6,5,5,3,3,3,4,3,4,4,5,3,4,2,2,2,2,3,3,2,2,2,3,3,3,3,3,3,4,2,3,3,3,3,3,3,2,1,2,
ACC_1101_OL13_F21,UG,Beginning,O,JF,466,12/2/2021 12:33,1,1,1,2,1,4,1,1,1,2,2,1,1,1,1,1,2,2,1,1,1,2,4,2,1,2,1,1,2,3,3,3,5,5,1,1,1,1,1,1,1,1,1,1,1,7,1,1,1,1,1,1,2,2,,
ACC_1101_OL13_F21,UG,Beginning,O,JF,2380,12/3/2021 21:37,3,6,2,7,2,7,1,4,3,2,1,1,3,1,1,1,1,1,2,4,2,1,2,2,2,3,1,2,4,4,4,4,2,2,4,1,1,4,4,1,2,1,4,4,3,2,4,4,4,2,1,1,2,,,
ACC_1101_OL13_F21,UG,Beginning,O,JF,607,12/13/2021 11:17,2,3,2,3,3,4,4,3,4,3,3,3,3,3,3,3,2,3,3,3,2,3,4,3,2,2,2,3,3,2,3,5,4,4,2,2,2,2,2,2,2,2,2,2,2,2,2,4,4,3,3,3,2,2,,
ACC_1101_OL13_F21,UG,Beginning,O,JF,1085,12/13/2021 12:26,3,4,3,3,2,3,4,4,4,4,4,4,4,4,4,4,4,4,4,4,4,4,4,4,4,4,4,4,4,4,4,3,3,3,3,3,3,3,3,3,3,3,3,3,3,3,3,3,3,4,4,4,1,1,,
ACC_1101_OL13_F21,UG,Beginning,O,JF,680,12/13/2021 13:56,5,4,3,4,5,4,3,4,4,5,5,5,5,5,6,5,5,5,3,4,5,4,5,5,3,4,3,4,3,3,3,3,4,4,4,3,4,4,4,4,4,4,4,4,4,4,4,4,4,5,4,4,1,1,,
ACC_1101_OL13_F21,UG,Beginning,O,JF,125,12/13/2021 14:07,2,2,3,2,3,2,1,2,2,2,2,1,2,3,2,3,2,3,3,3,1,2,1,2,3,2,1,2,2,3,2,3,2,2,2,2,2,2,2,2,2,2,2,2,3,2,2,2,2,2,2,3,1,1,,
ACC_1101_OL13_F21,UG,Beginning,O,JF,1534,12/14/2021 0:26,2,2,2,2,2,2,2,3,3,4,4,5,2,4,4,4,2,4,2,5,5,5,4,3,4,3,3,3,2,2,3,3,3,3,1,2,3,3,4,4,5,4,4,4,4,4,4,4,4,3,4,2,1,2,,
ACC_1101_OL13_F21,UG,Beginning,O,JF,528,12/14/2021 23:58,2,2,1,1,2,2,1,1,1,7,7,1,1,2,1,4,1,1,1,1,1,2,1,1,1,3,3,2,7,7,7,6,7,7,1,1,2,2,3,2,3,2,3,3,1,7,1,1,1,1,1,1,2,1,,
ACC_1101_OL13_F21,UG,Beginning,O,JF,955,12/17/2021 17:07,3,3,4,5,6,3,4,3,6,3,2,1,4,2,2,1,4,4,4,2,3,4,3,3,5,4,2,3,2,3,3,3,5,4,2,2,2,2,2,2,2,3,3,3,2,3,3,2,3,3,3,4,1,2,,
ACC_1101_OL13_F21,UG,Beginning,O,JF,429,12/18/2021 15:40,3,1,2,2,3,1,1,3,1,4,4,4,2,5,5,4,5,5,1,1,1,1,1,1,3,3,2,1,1,1,1,1,1,1,1,1,1,1,1,1,1,1,1,1,1,1,1,6,1,3,1,1,1,2,,
ACC_1101_OL13_F21,UG,Beginning,O,JF,106,12/18/2021 17:41,5,4,3,3,4,4,3,6,5,4,4,3,3,3,4,5,6,5,4,2,3,6,6,5,4,4,3,2,5,2,1,1,1,4,6,4,3,3,2,3,2,2,5,2,3,4,3,2,3,4,3,5,2,2,,
BUS_640.01_Sp21,G,Intermediate,O,FK,428,5/6/2021 21:54,1,2,1,1,1,1,1,1,1,1,1,3,1,2,2,2,1,1,1,1,1,1,1,1,1,1,1,1,3,3,3,3,3,3,2,1,1,1,1,1,1,1,1,1,2,3,2,2,2,1,1,1,2,1,2,2
BUS_640.01_Sp21,G,Intermediate,O,FK,636,5/8/2021 13:14,2,2,2,4,1,4,2,3,2,4,4,4,3,4,4,4,4,4,2,2,2,2,2,2,2,2,3,2,4,4,4,4,4,4,2,2,2,2,2,2,2,2,3,4,3,2,3,4,4,3,2,2,2,2,1,1
BUS_640.01_Sp21,G,Intermediate,O,FK,999,5/8/2021 16:44,4,6,3,4,3,4,3,2,5,6,4,2,4,4,5,2,4,4,2,4,2,4,3,3,4,2,3,2,1,6,6,6,4,4,2,2,2,6,2,2,2,2,2,3,3,6,3,4,4,4,2,4,2,2,2,1
BUS_640.01_Sp21,G,Intermediate,O,FK,495,5/9/2021 14:55,2,2,2,1,2,2,2,3,1,5,3,2,3,2,5,2,2,3,1,2,4,1,2,2,4,2,2,2,1,3,2,2,2,2,1,1,2,1,1,1,1,1,2,3,2,5,4,2,3,2,2,1,2,2,2,4
BUS_640.01_Sp21,G,Intermediate,O,FK,348,5/10/2021 8:42,2,2,2,3,2,2,2,2,2,6,3,2,2,2,2,3,2,6,2,2,2,2,2,2,3,3,2,3,6,6,6,6,6,6,2,2,2,2,2,2,2,2,3,3,2,2,2,3,3,2,2,2,2,1,2,2
BUS_640.01_Sp21,G,Intermediate,O,FK,2880,5/10/2021 15:15,3,4,4,3,3,3,2,3,2,1,1,1,2,2,2,2,3,3,3,3,3,3,3,3,4,2,4,3,4,4,4,4,4,4,3,2,2,2,2,2,2,2,3,2,3,4,2,2,1,2,2,2,1,2,2,3
BUS_640.01_Sp21,G,Intermediate,O,FK,513,5/10/2021 18:32,2,2,2,2,2,2,2,1,1,6,7,7,2,7,7,7,2,2,2,2,2,2,2,3,2,2,2,2,2,2,2,2,2,2,1,1,1,1,1,1,1,1,3,2,3,6,3,3,2,2,2,2,1,2,1,3
BUS_640.01_Sp21,G,Intermediate,O,FK,2566,5/11/2021 0:11,3,1,1,1,1,1,4,4,4,5,5,4,4,4,4,5,2,2,2,2,2,2,1,3,4,4,2,2,6,7,7,7,7,7,1,1,1,1,1,1,1,1,3,3,3,3,1,2,1,3,2,2,2,1,2,1
BUS_640.01_Sp21,G,Intermediate,O,FK,645,5/12/2021 17:58,2,2,2,2,2,2,2,2,2,3,2,2,2,2,2,2,2,2,2,2,2,2,2,2,2,2,2,2,3,4,4,4,4,4,2,2,2,2,2,2,2,2,3,2,2,2,2,2,2,2,2,2,2,2,5,4
BUS_640.01_Sp21,G,Intermediate,O,FK,641,5/14/2021 2:41,2,2,2,2,2,2,2,2,2,4,4,3,2,2,2,3,2,2,2,2,2,2,2,2,2,2,2,2,4,4,4,4,4,4,2,2,2,2,2,2,2,2,2,2,2,2,2,2,2,1,1,1,1,,2,2
BUS_640.01_Sp21,G,Intermediate,O,FK,935,5/16/2021 12:01,4,4,3,5,4,4,3,4,3,5,5,4,4,3,5,5,4,3,4,3,4,3,4,5,3,4,3,3,2,2,3,2,3,2,2,2,2,2,2,2,1,2,2,3,2,3,2,3,3,2,2,3,2,2,2,3
BUS_640.01_Sp21,G,Intermediate,O,FK,270,5/16/2021 15:34,1,1,1,1,1,1,1,1,1,1,1,1,1,1,1,1,1,1,1,1,1,1,1,1,1,1,1,1,1,1,1,1,1,1,1,1,1,1,1,1,1,1,1,1,1,1,1,1,1,1,1,1,1,1,5,4
BUS_640.01_Sp21,G,Intermediate,O,FK,1858,5/17/2021 3:28,2,2,2,1,1,1,1,2,2,2,2,2,2,2,2,2,2,2,2,2,2,2,1,1,3,2,1,1,1,4,4,3,3,3,2,2,2,2,2,2,3,2,4,5,5,4,5,3,3,2,2,4,2,1,5,2
BUS_640.01_Sp21,G,Intermediate,O,FK,554,5/18/2021 3:45,3,3,3,6,3,3,2,2,2,2,3,3,3,1,1,1,2,2,2,2,2,2,2,2,2,2,2,2,6,6,6,6,6,6,2,2,2,2,2,2,2,2,4,4,4,5,2,2,2,2,2,2,2,2,1,1
BUS_640.01_Sp21,G,Intermediate,O,FK,763,5/18/2021 6:09,3,3,3,3,3,3,3,3,3,4,4,4,3,4,4,4,3,3,3,4,4,4,3,4,3,3,2,4,2,3,3,3,4,3,2,2,2,2,2,2,2,2,4,4,3,4,3,3,3,3,3,3,2,2,3,2
BUS_640.01_Sp21,G,Intermediate,O,FK,673,5/18/2021 10:59,3,3,7,3,4,2,5,3,4,6,6,6,4,6,6,6,4,4,3,4,4,3,3,4,3,3,3,3,3,4,4,4,4,4,3,3,3,4,3,3,3,3,3,4,4,3,3,4,4,3,2,2,1,2,1,1
BUS_640.01_Sp21,G,Intermediate,O,FK,287,5/18/2021 22:41,1,1,1,1,1,1,1,1,1,1,4,5,2,4,4,4,1,1,1,1,1,1,1,1,1,1,1,1,2,2,2,2,2,2,1,1,1,1,1,1,1,1,1,1,1,1,1,1,1,1,1,1,2,2,2,3
BUS640.02_F21,G,Intermediate,O,JF,548,12/11/2021 19:55,2,1,2,1,4,3,2,1,1,3,3,3,1,3,2,2,2,3,2,3,2,3,2,2,2,1,2,2,2,1,1,1,2,3,2,2,2,1,3,2,3,2,3,4,3,6,3,4,2,2,3,1,1,1,,
BUS640.02_F21,G,Intermediate,O,JF,276,12/12/2021 20:38,2,2,2,2,1,1,1,3,2,2,1,1,1,1,1,1,2,1,1,2,2,2,2,2,2,2,2,2,2,3,2,3,4,3,1,1,2,2,2,1,2,2,3,3,3,6,2,3,2,2,2,2,1,2,,
BUS640.02_F21,G,Intermediate,O,JF,543,12/12/2021 20:41,1,1,1,1,1,3,3,1,1,3,2,2,1,2,2,1,2,2,1,1,1,1,2,2,2,1,1,1,6,5,3,3,3,6,2,1,1,1,1,1,1,1,3,2,1,7,2,2,1,1,1,1,2,2,,
BUS640.02_F21,G,Intermediate,O,JF,3479,12/20/2021 15:04,2,2,1,3,1,4,1,2,2,6,6,4,2,6,2,5,2,2,1,1,1,3,5,1,2,2,2,3,2,1,1,1,1,2,2,4,3,3,3,3,4,5,3,4,4,6,3,2,2,2,1,2,2,1,,
